Origin,Destination,Product,Month,Quantity
Russia,Australia,PurePore Insect Repellent Spray,Feb2004,186
Russia,India,SmellSational Intimate Spray,Sep2004,88
Australia,Japan,HydratingHoney Pet Wipes,Dec2004,139
Egypt,United Kingdom,HydraHydrate Hand Cream,Oct2004,151
South Africa,Japan,RadiantRinse Color Protector,Apr2004,181
Australia,Italy,SoothingSerenity Scalp Treatment,Jul2004,77
Egypt,Japan,PurePaw Dog Shampoo,Mar2004,173
Australia,Brazil,FreshFusion Baby Wipes,Mar2004,125
South Africa,Japan,CleanSmile Floss Picks,Mar2004,145
Italy,United Kingdom,EasyWash Laundry Detergent,Aug2004,103
South Africa,Brazil,FreshFusion Diaper Rash Remedy,Jul2004,88
Brazil,Italy,Hydrating Honey Body Lotion,Mar2004,147
Russia,Brazil,FreshFusion Baby Wipes,Mar2004,139
Russia,South Africa,SmilesSoPure Waterpik,Nov2004,148
India,France,CleanSlate Stain Remover,Oct2004,183
Brazil,Egypt,Hydrating Honey Body Lotion,Mar2004,105
Japan,France,SmellSational Odor Eliminator,Nov2004,116
Italy,Egypt,BrightBreeze Period Pain Relief,Mar2004,198
Australia,Brazil,FreshFold Fabric Refresher,Jun2004,147
Brazil,Japan,LuminousLip Care,Jan2004,54
United Kingdom,Italy,BreatheEasy Inhalant,Jun2004,125
India,Russia,SmileShield Whitening Strips,Apr2004,196
Italy,Japan,SparklingGlow Toothpaste,Feb2004,147
Australia,Italy,FreshFold Fabric Refresher,Oct2004,94
United Kingdom,Japan,GentleGlow Dish Soap,Jun2004,124
France,Egypt,SparklingGlow Toothpaste,Sep2004,120
Brazil,Egypt,MorningMist Deodorant,Jun2004,86
Australia,South Africa,HydratingHoney Pet Wipes,Jun2004,149
Egypt,United Kingdom,FreshFusion Hair Mask,Oct2004,102
India,United Kingdom,SmellSational Odor Eliminator,Jun2004,181
Italy,Egypt,EasyWash Laundry Detergent,Dec2004,169
United Kingdom,Australia,GentleGlow Dish Soap,Dec2004,164
Russia,Brazil,SoothingSerenity Hand Sanitizer,Mar2004,167
India,South Africa,SmellSational Odor Eliminator,Oct2004,56
South Africa,Italy,RadiantRinse Color Protector,Nov2004,65
Egypt,South Africa,PurePaw Dog Shampoo,Dec2004,137
Russia,United Kingdom,MorningBreeze Gum Care,Jan2004,85
Egypt,South Africa,BrightBreeze Period Pain Relief,Dec2004,107
India,South Africa,HydraHydrate Hand Cream,Oct2004,147
United Kingdom,Italy,EasyWash Pet Laundry Detergent,May2004,92
South Africa,India,EasyWash Pet Laundry Detergent,Sep2004,113
South Africa,Italy,PurePore Baby Skincare Set,Dec2004,68
United Kingdom,Egypt,SmellSational Baby Room Spray,Apr2004,69
South Africa,India,CalmingClean Bath Time Wash,Feb2004,177
Australia,Russia,MorningMint,Apr2004,89
South Africa,Egypt,Purezza Body Wash,Aug2004,147
Egypt,South Africa,SoftStep Shaving Cream,Oct2004,93
Italy,Japan,PurePaw Dog Shampoo,May2004,66
Australia,Italy,SoothingSerenity Scalp Treatment,Nov2004,160
Russia,India,SoothingSerenity Air Freshener,Aug2004,58
Egypt,Japan,PurePaw Dog Shampoo,Feb2004,124
France,United Kingdom,CalmingClean Bath Time Wash,Feb2004,146
India,Italy,SmellSational Odor Eliminator,Nov2004,79
Russia,France,SmellSational Intimate Spray,Jun2004,141
Russia,France,FreshFusion All-Purpose Cleaner,Jun2004,194
South Africa,Egypt,Purezza Body Wash,Apr2004,107
Egypt,Japan,SparklingClean All-Purpose Cleaner,Nov2004,181
Russia,South Africa,PurePore Insect Repellent Spray,Mar2004,181
South Africa,United Kingdom,HydraHydrate Hand Cream,Sep2004,144
Australia,Italy,HydratingHoney Pet Wipes,May2004,193
South Africa,France,CleanSmile Floss Picks,Aug2004,119
Egypt,Australia,Purezza Body Wash,Sep2004,65
Egypt,United Kingdom,RadiantRose Baby Massage Oil,Apr2004,140
France,India,CalmingClean Bath Time Wash,Jan2004,54
Italy,Brazil,EasyWash Laundry Detergent,Mar2004,64
United Kingdom,Australia,BreatheEasy Inhalant,Feb2004,144
Brazil,Egypt,CalmingClean Dog Brush,Jan2004,91
South Africa,France,Purezza Body Wash,Feb2004,131
India,Australia,FreshFusion Baby Wipes,Oct2004,184
United Kingdom,Brazil,HydraHydrate Hand Cream,Mar2004,181
Australia,Egypt,MorningMint,Jul2004,175
Russia,India,SoothingSerenity Hand Sanitizer,May2004,155
India,Russia,SmileShield Whitening Strips,Mar2004,190
Egypt,India,PurePaw Dog Shampoo,Mar2004,172
United Kingdom,Japan,HydraHydrate Hand Cream,Sep2004,116
India,Russia,SmileShield Whitening Strips,Nov2004,127
Russia,India,SoothingSerenity Hand Sanitizer,Dec2004,137
South Africa,Egypt,HydraHydrate Hand Cream,Apr2004,68
Brazil,United Kingdom,LuminousLip Care,Feb2004,152
India,United Kingdom,SparklingSmile Water Flosser,Jul2004,80
United Kingdom,France,HydraHydrate Hand Cream,Jan2004,138
India,Australia,SparklingClean All-Purpose Cleaner,Aug2004,97
Brazil,India,CalmingClean Dog Brush,Aug2004,125
Russia,Brazil,SmellSational Intimate Spray,Sep2004,120
Italy,Russia,SoftStep Shaving Cream,Mar2004,74
South Africa,Russia,SoothingSerenity Humidifier,Jun2004,53
United Kingdom,South Africa,SilkySkin Baby Moisturizer,Dec2004,91
Russia,India,SmellSational Intimate Spray,Jul2004,101
United Kingdom,India,GentleGlow Dish Soap,Dec2004,72
United Kingdom,Egypt,GentleGlow Dish Soap,Jan2004,133
France,Australia,CalmingClean Bath Time Wash,May2004,160
Japan,Russia,EasyWash Laundry Detergent for Babies,Dec2004,92
Italy,France,BrightBreeze Period Pain Relief,Sep2004,194
Japan,United Kingdom,SmellSational Odor Eliminator,Jan2004,78
South Africa,Egypt,PurePore Baby Skincare Set,May2004,131
Italy,India,PurePore Toner,Jul2004,183
Australia,United Kingdom,SoothingSerenity Scalp Treatment,Jul2004,99
Australia,France,FreshFusion Baby Wipes,Jun2004,60
South Africa,Russia,EasyWash Pet Laundry Detergent,Aug2004,64
Brazil,Italy,Hydrating Honey Body Lotion,Feb2004,161
United Kingdom,Japan,SmellSational Baby Room Spray,Feb2004,197
India,Japan,BrightBreeze Insect Repellent,Nov2004,181
Australia,United Kingdom,FreshFold Fabric Refresher,Jun2004,190
South Africa,United Kingdom,SilkySkin Baby Moisturizer,Aug2004,150
India,Italy,SilkySkin Baby Cream,Apr2004,182
Japan,Egypt,SoothingSerenity Scalp Treatment,Dec2004,142
Australia,France,SoothingSerenity Scalp Treatment,Aug2004,195
Brazil,Australia,MorningMist Deodorant,Dec2004,163
United Kingdom,South Africa,SilkySkin Baby Moisturizer,May2004,94
Australia,Egypt,EasyWash Pet Laundry Detergent,Jun2004,189
Egypt,Italy,MorningBreeze Gum Care,Oct2004,172
Russia,Brazil,SmilesSoPure Waterpik,Aug2004,79
India,Japan,SparklingSmile Water Flosser,May2004,157
France,South Africa,SunShield SPF 50 Lotion,Aug2004,169
South Africa,Australia,CleanSmile Floss Picks,Mar2004,126
India,Egypt,HydraHydrate Hand Cream,Dec2004,150
India,Egypt,SmileShield Whitening Strips,Feb2004,85
Italy,France,FreshFusion Baby Wipes,May2004,63
India,Egypt,CleanSlate Stain Remover,Sep2004,107
Australia,Brazil,SmileSavvy Tooth Whitening Kit,Nov2004,55
Australia,United Kingdom,SoothingSerenity Scalp Treatment,Feb2004,119
India,Australia,CleanSlate Stain Remover,Jan2004,140
Russia,Italy,SoftStep Shaving Cream for Women,Jun2004,190
Russia,Australia,FreshFusion All-Purpose Cleaner,Jul2004,177
Egypt,South Africa,BrightBreeze Window Cleaner,Jan2004,102
South Africa,France,HydraHydrate Hand Cream,Mar2004,73
United Kingdom,Russia,BreatheEasy Inhalant,Nov2004,192
United Kingdom,South Africa,GentleGlow Dish Soap,Feb2004,177
Brazil,Italy,SoothingSerenity Hand Sanitizer,Jul2004,162
Italy,Brazil,SoftStep Shaving Cream,Aug2004,106
Russia,United Kingdom,CleanSkin Acne Treatment,Apr2004,125
Australia,Italy,CleanSmile Floss Picks,Jul2004,174
India,South Africa,SilkySkin Baby Cream,May2004,134
France,South Africa,BrightBreeze Baby Sunscreen Stick,Mar2004,89
Egypt,Italy,Purezza Body Wash,Nov2004,60
Russia,South Africa,SmilesSoPure Waterpik,Aug2004,186
South Africa,India,HydraHydrate Hand Cream,May2004,102
Brazil,Japan,BrightBreeze Baby Sunscreen Stick,Jan2004,68
South Africa,Russia,PurePore Baby Skincare Set,Mar2004,76
India,Japan,HydraHydrate Hand Cream,Mar2004,112
Brazil,South Africa,SoothingSoft Fabric Softener,Nov2004,88
Brazil,Italy,Exfoliating Essentials Scrub,Aug2004,176
Egypt,Italy,SparklingClean All-Purpose Cleaner,Jul2004,125
Australia,Japan,EasyWash Pet Laundry Detergent,Nov2004,81
Egypt,Russia,PurePaw Dog Shampoo,Nov2004,68
Japan,Australia,MorningBreeze Gum Care,Jun2004,64
Italy,South Africa,SparklingGlow Toothpaste,Jan2004,53
Japan,Italy,SmellSational Odor Eliminator,Jul2004,104
India,Brazil,SmileShield Whitening Strips,Sep2004,65
Australia,Russia,FreshFusion Baby Wipes,Jan2004,55
France,Italy,BrightBreeze Baby Sunscreen Stick,Nov2004,81
South Africa,Russia,RadiantRinse Color Protector,Jul2004,112
Russia,Australia,PurePore Insect Repellent Spray,Oct2004,165
Australia,Russia,EasyWash Pet Laundry Detergent,Sep2004,142
India,Russia,SmellSational Odor Eliminator,May2004,172
Brazil,Australia,LuminousLip Care,Feb2004,75
South Africa,Australia,RadiantRinse Color Protector,Jul2004,187
Brazil,United Kingdom,SparklingGlow Toothpaste,Jul2004,117
Egypt,India,SmellSational Baby Room Spray,Jul2004,102
Egypt,United Kingdom,SoftStep Shaving Cream,Dec2004,59
Brazil,Egypt,OralEase Plus Toothbrush,Jun2004,76
South Africa,France,FreshFusion Diaper Rash Remedy,Jul2004,113
Japan,United Kingdom,MorningBreeze Gum Care,Dec2004,90
France,Egypt,CalmingClean Bath Time Wash,Nov2004,131
France,United Kingdom,SunShield SPF 50 Lotion,Nov2004,188
Russia,Japan,SmilesSoPure Waterpik,Dec2004,185
United Kingdom,Egypt,SilkySkin Baby Moisturizer,Sep2004,185
Italy,United Kingdom,SparklingGlow Toothpaste,May2004,70
India,Australia,SilkySkin Baby Cream,Mar2004,125
Egypt,India,PurePaw Dog Shampoo,Nov2004,139
Egypt,Italy,SmellSational Baby Room Spray,May2004,169
Egypt,South Africa,BrightBreeze Window Cleaner,Feb2004,135
India,Japan,RadiantRose Baby Massage Oil,Jan2004,131
Australia,Japan,Brightening Body Wash,Jun2004,110
Russia,France,FreshFusion All-Purpose Cleaner,Sep2004,113
South Africa,France,FreshFusion Diaper Rash Remedy,Oct2004,154
Australia,United Kingdom,MorningBreeze Gum Care,May2004,108
Italy,United Kingdom,PurePaw Dog Shampoo,Jan2004,117
United Kingdom,Egypt,SilkySkin Baby Moisturizer,Aug2004,55
South Africa,United Kingdom,FreshFusion Diaper Rash Remedy,Aug2004,181
Japan,Italy,SmellSational Odor Eliminator,Jan2004,51
Russia,Egypt,SoothingSerenity Air Freshener,Nov2004,85
United Kingdom,India,EasyWash Pet Laundry Detergent,Sep2004,118
Russia,Italy,FreshStart Toothpaste,Nov2004,60
South Africa,Italy,SilkySkin Baby Moisturizer,May2004,95
Italy,Australia,SparklingGlow Toothpaste,Sep2004,59
Russia,Egypt,MorningBreeze Gum Care,Jun2004,127
Egypt,South Africa,PurePaw Dog Shampoo,May2004,184
Russia,Japan,MorningBreeze Gum Care,Oct2004,110
Australia,Russia,Brightening Body Wash,Mar2004,151
Russia,Egypt,FreshStart Toothpaste,Mar2004,70
France,Australia,CalmingClean Bath Time Wash,Jun2004,96
Russia,France,MorningBreeze Gum Care,Dec2004,99
United Kingdom,Italy,EasyWash Pet Laundry Detergent,Aug2004,99
India,Brazil,SilkySkin Baby Cream,Jul2004,58
Japan,Russia,SmellSational Odor Eliminator,Jan2004,131
Egypt,South Africa,PurePaw Dog Shampoo,Nov2004,159
South Africa,Italy,RadiantRinse Color Protector,May2004,72
Australia,France,SoothingSerenity Scalp Treatment,Jun2004,174
Egypt,Brazil,HydraHydrate Hand Cream,Jun2004,188
United Kingdom,India,BreatheEasy Inhalant,Sep2004,80
Australia,Japan,SkinSational Moisturizer,May2004,163
India,Egypt,BrightBreeze Insect Repellent,Jul2004,91
Italy,Russia,FreshFusion Diaper Rash Remedy,Jan2004,79
South Africa,Russia,SoothingSerenity Humidifier,Nov2004,194
United Kingdom,India,HydraHydrate Hand Cream,May2004,71
Australia,United Kingdom,SoothingSerenity Scalp Treatment,Aug2004,53
Russia,Australia,SoothingSerenity Air Freshener,Feb2004,57
Italy,Brazil,SoftStep Shaving Cream,Jul2004,114
Brazil,India,Hydrating Honey Body Lotion,Dec2004,98
Australia,Japan,SmileSavvy Tooth Whitening Kit,Mar2004,158
South Africa,Australia,CleanSmile Floss Picks,Apr2004,74
Australia,Russia,FreshFold Fabric Refresher,Oct2004,160
South Africa,United Kingdom,SoothingSerenity Humidifier,Sep2004,84
India,Italy,BrightBreeze Insect Repellent,Sep2004,95
Japan,Australia,SoothingSoft Fabric Softener,Dec2004,66
South Africa,Brazil,EasyWash Pet Laundry Detergent,Dec2004,107
Egypt,Australia,FreshFusion Hair Mask,Dec2004,191
Japan,Australia,SmellSational Odor Eliminator,Nov2004,135
Russia,Italy,SmilesSoPure Waterpik,Mar2004,73
Brazil,Japan,CalmingClean Dog Brush,Jul2004,77
Italy,Japan,FreshFusion All-Purpose Cleaner,Dec2004,93
Italy,South Africa,RadiantRose Glass Cleaner,Mar2004,146
United Kingdom,Russia,EasyWash Pet Laundry Detergent,Nov2004,97
South Africa,Italy,RadiantRinse Color Protector,Sep2004,107
Brazil,Japan,Exfoliating Essentials Scrub,Oct2004,85
Brazil,Australia,SparklingGlow Toothpaste,Mar2004,134
Russia,Brazil,CleanSkin Acne Treatment,Dec2004,177
Brazil,India,OralEase Plus Toothbrush,Aug2004,156
Egypt,India,RadiantRose Baby Massage Oil,Jul2004,67
Australia,Russia,SoothingSerenity Scalp Treatment,Jul2004,196
Brazil,Australia,SoothingSerenity Hand Sanitizer,Jun2004,60
United Kingdom,Egypt,SilkySkin Baby Moisturizer,Oct2004,156
Japan,Egypt,SmellSational Odor Eliminator,Dec2004,179
Russia,Egypt,MorningBreeze Gum Care,Apr2004,175
Italy,United Kingdom,FreshFusion Diaper Rash Remedy,Sep2004,108
Italy,Japan,SoftStep Shaving Cream,Jul2004,127
Italy,Brazil,PurePore Toner,Sep2004,174
India,South Africa,CleanSlate Stain Remover,Sep2004,65
Japan,Italy,SoothingSoft Fabric Softener,Nov2004,77
Italy,United Kingdom,FreshFusion All-Purpose Cleaner,Dec2004,119
France,South Africa,SunShield SPF 50 Lotion,Jan2004,184
South Africa,United Kingdom,PurePore Baby Skincare Set,Jan2004,84
South Africa,Japan,SoothingSerenity Humidifier,Jun2004,101
Australia,Italy,SmileSavvy Tooth Whitening Kit,Jan2004,149
United Kingdom,France,GentleGlow Dish Soap,May2004,180
India,Russia,SparklingSmile Water Flosser,Aug2004,63
South Africa,Italy,HydraHydrate Hand Cream,Oct2004,177
Egypt,South Africa,PurePaw Dog Shampoo,Oct2004,55
Egypt,Australia,SoftStep Shaving Cream,Jul2004,160
Japan,France,SmellSational Odor Eliminator,Apr2004,172
Russia,France,SmilesSoPure Waterpik,Apr2004,71
United Kingdom,France,EasyWash Pet Laundry Detergent,May2004,99
Australia,South Africa,Brightening Body Wash,Jan2004,68
India,France,CleanSlate Stain Remover,Aug2004,196
Russia,Australia,FreshStart Toothpaste,May2004,198
South Africa,Italy,Purezza Body Wash,Oct2004,136
South Africa,Brazil,CleanSmile Floss Picks,Jul2004,172
France,India,CalmingClean Bath Time Wash,Dec2004,56
Italy,United Kingdom,FreshFusion Diaper Rash Remedy,Dec2004,183
Italy,Russia,EasyWash Laundry Detergent,Oct2004,143
Russia,Brazil,MorningBreeze Gum Care,May2004,92
South Africa,Italy,Purezza Body Wash,Jul2004,144
Australia,South Africa,SoothingSerenity Scalp Treatment,Apr2004,140
India,Egypt,BrightBreeze Insect Repellent,Dec2004,96
Russia,United Kingdom,CleanSkin Acne Treatment,May2004,136
Italy,France,FreshFusion All-Purpose Cleaner,Apr2004,97
Australia,Japan,FreshFusion Baby Wipes,Sep2004,159
Russia,Japan,FreshStart Toothpaste,Aug2004,62
Italy,Russia,SoftStep Shaving Cream,Jul2004,104
United Kingdom,South Africa,SilkySkin Baby Moisturizer,Sep2004,142
Egypt,Australia,PurePaw Dog Shampoo,Aug2004,162
Australia,South Africa,SmileSavvy Tooth Whitening Kit,Jun2004,126
Brazil,Russia,SoothingSoft Fabric Softener,May2004,145
Italy,Brazil,FreshFusion All-Purpose Cleaner,May2004,137
United Kingdom,Japan,EasyWash Pet Laundry Detergent,Dec2004,55
Italy,Japan,BrightBreeze Period Pain Relief,Dec2004,163
France,United Kingdom,SparklingGlow Toothpaste,Oct2004,108
South Africa,Brazil,PurePore Baby Skincare Set,Jul2004,195
Russia,India,MorningBreeze Gum Care,Oct2004,131
Brazil,Australia,MorningMist Deodorant,Aug2004,50
India,France,CalmingClean Bath Time Wash,Nov2004,101
Brazil,Australia,LittleLullaby Diaper Liners,Jul2004,143
Egypt,Italy,HydraHydrate Hand Cream,Jul2004,123
Brazil,United Kingdom,Exfoliating Essentials Scrub,Aug2004,87
Brazil,Japan,OralEase Plus Toothbrush,May2004,68
Egypt,Japan,BrightBreeze Period Pain Relief,Feb2004,69
Italy,Russia,FreshFusion Diaper Rash Remedy,Apr2004,76
South Africa,Italy,PurePore Baby Skincare Set,Jan2004,61
South Africa,Egypt,CalmingClean Bath Time Wash,Jan2004,92
India,Brazil,CalmingClean Bath Time Wash,Apr2004,193
Australia,France,SmileSavvy Tooth Whitening Kit,Feb2004,84
Russia,Japan,FreshFusion All-Purpose Cleaner,Jul2004,66
United Kingdom,India,HydraHydrate Hand Cream,Jun2004,106
South Africa,France,PurePore Baby Skincare Set,Jan2004,142
Japan,United Kingdom,SoothingSerenity Scalp Treatment,Nov2004,93
Italy,India,PurePore Toner,Sep2004,63
South Africa,Italy,SilkySkin Baby Moisturizer,Jan2004,158
Australia,Russia,MorningBreeze Gum Care,Feb2004,141
Italy,India,FreshFusion Diaper Rash Remedy,Mar2004,158
United Kingdom,Russia,GentleGlow Dish Soap,Nov2004,157
Italy,Japan,PurePaw Dog Shampoo,Oct2004,200
France,Russia,BrightBreeze Baby Sunscreen Stick,Dec2004,149
France,Japan,CalmingClean Bath Time Wash,Oct2004,112
Italy,Egypt,FreshFusion Diaper Rash Remedy,Jan2004,76
Russia,Egypt,PurePore Insect Repellent Spray,May2004,152
Brazil,Italy,LuminousLip Care,Sep2004,196
South Africa,Italy,FreshFusion Diaper Rash Remedy,Oct2004,121
Egypt,Russia,SparklingClean All-Purpose Cleaner,Jan2004,107
Japan,France,MorningBreeze Gum Care,Jun2004,81
Brazil,United Kingdom,BrightBreeze Baby Sunscreen Stick,Sep2004,105
Japan,India,SoothingSoft Fabric Softener,Jul2004,80
Australia,India,SkinSational Moisturizer,Apr2004,59
Australia,Egypt,SmileSavvy Tooth Whitening Kit,Sep2004,108
India,South Africa,SmellSational Odor Eliminator,Mar2004,185
United Kingdom,India,SmellSational Baby Room Spray,Jun2004,50
Egypt,India,MorningBreeze Gum Care,Mar2004,161
India,Russia,SmileShield Whitening Strips,Jan2004,114
Australia,Italy,SmellSational Intimate Spray,Oct2004,178
Russia,Australia,SoftStep Shaving Cream for Women,May2004,62
France,Italy,BrightBreeze Baby Sunscreen Stick,Aug2004,182
South Africa,India,CalmingClean Bath Time Wash,Aug2004,187
South Africa,United Kingdom,HydraHydrate Hand Cream,Jun2004,60
Italy,United Kingdom,EasyWash Laundry Detergent,Jul2004,176
Brazil,South Africa,Hydrating Honey Body Lotion,Aug2004,102
Italy,Egypt,FreshFusion Baby Wipes,Jul2004,87
Australia,Italy,DentalDefense Toothpaste,Oct2004,169
India,South Africa,SmellSational Odor Eliminator,Jul2004,175
Russia,Italy,CleanSkin Acne Treatment,Oct2004,168
Australia,South Africa,SoothingSerenity Scalp Treatment,May2004,150
Egypt,Japan,BrightBreeze Window Cleaner,Mar2004,69
France,Japan,CalmingClean Bath Time Wash,Mar2004,198
Russia,France,SmilesSoPure Waterpik,Sep2004,125
Australia,Russia,HydratingHoney Pet Wipes,Nov2004,101
United Kingdom,Australia,SilkySkin Baby Moisturizer,Dec2004,168
Russia,South Africa,MorningBreeze Gum Care,Jan2004,161
Russia,France,SmilesSoPure Waterpik,Nov2004,58
South Africa,Brazil,RadiantRinse Color Protector,Jan2004,192
South Africa,Japan,HydraHydrate Hand Cream,Jun2004,162
Russia,Brazil,SoothingSerenity Air Freshener,Nov2004,79
India,United Kingdom,FreshFusion Baby Wipes,Jul2004,149
Brazil,Australia,Hydrating Honey Body Lotion,Jan2004,174
Russia,United Kingdom,FreshFusion All-Purpose Cleaner,Sep2004,164
Egypt,United Kingdom,MorningBreeze Gum Care,Feb2004,68
Italy,Egypt,FreshFusion All-Purpose Cleaner,Jun2004,141
Russia,South Africa,SmilesSoPure Waterpik,Jun2004,83
United Kingdom,India,HydraHydrate Hand Cream,Apr2004,193
Russia,Brazil,SoothingSerenity Hand Sanitizer,Jan2004,189
India,Australia,SparklingClean All-Purpose Cleaner,Sep2004,194
South Africa,United Kingdom,CleanSmile Floss Picks,Nov2004,128
Australia,India,FreshFusion Baby Wipes,Dec2004,196
Japan,South Africa,SoothingSoft Fabric Softener,Jun2004,113
Russia,Japan,FreshFusion Baby Wipes,Oct2004,64
Brazil,Italy,OralEase Plus Toothbrush,Apr2004,64
France,Brazil,SunShield SPF 50 Lotion,Jul2004,176
South Africa,Japan,RadiantRinse Color Protector,May2004,102
South Africa,Japan,PurePore Baby Skincare Set,Nov2004,179
Australia,Egypt,CleanSmile Floss Picks,Aug2004,62
France,United Kingdom,CalmingClean Bath Time Wash,Dec2004,177
Egypt,United Kingdom,SoftStep Shaving Cream,Sep2004,85
Egypt,Australia,HydraHydrate Hand Cream,Mar2004,148
Australia,United Kingdom,MorningMint,Nov2004,71
Egypt,Russia,SparklingClean All-Purpose Cleaner,Apr2004,179
Italy,Russia,FreshFusion Baby Wipes,Feb2004,140
Brazil,South Africa,Exfoliating Essentials Scrub,Jun2004,84
Brazil,Australia,Exfoliating Essentials Scrub,Jun2004,140
South Africa,Egypt,SoothingSerenity Humidifier,Feb2004,198
Japan,India,MorningBreeze Gum Care,May2004,197
Russia,Japan,SoothingSerenity Air Freshener,Jun2004,118
Egypt,India,Purezza Body Wash,Jun2004,61
Japan,Russia,SoothingSoft Fabric Softener,Dec2004,65
Italy,South Africa,EasyWash Laundry Detergent,Mar2004,103
Australia,Egypt,MorningMint,Jan2004,160
Russia,France,SoothingSerenity Hand Sanitizer,Apr2004,51
Brazil,South Africa,CalmingClean Dog Brush,Oct2004,72
France,South Africa,SparklingGlow Toothpaste,Apr2004,108
Brazil,Italy,SoothingSerenity Hand Sanitizer,May2004,157
South Africa,Russia,CalmingClean Bath Time Wash,Sep2004,184
France,Russia,BrightBreeze Baby Sunscreen Stick,Sep2004,186
South Africa,Brazil,HydraHydrate Hand Cream,Sep2004,166
India,Australia,SparklingClean All-Purpose Cleaner,Feb2004,148
Australia,Egypt,SkinSational Moisturizer,Dec2004,189
Russia,Brazil,SmilesSoPure Waterpik,Jan2004,166
France,India,CalmingClean Bath Time Wash,Aug2004,88
France,Egypt,SparklingGlow Toothpaste,Jul2004,87
Australia,Japan,SmileSavvy Tooth Whitening Kit,Feb2004,106
India,Egypt,CleanSlate Stain Remover,May2004,98
South Africa,Australia,FreshFusion Diaper Rash Remedy,Jun2004,165
Russia,France,SoftStep Shaving Cream for Women,May2004,79
Egypt,France,RadiantRose Baby Massage Oil,May2004,158
Italy,Australia,FreshFusion Diaper Rash Remedy,Nov2004,133
Egypt,United Kingdom,HydraHydrate Hand Cream,Dec2004,80
Australia,India,CleanSmile Floss Picks,Jun2004,148
Egypt,Brazil,MorningBreeze Gum Care,Feb2004,120
Brazil,South Africa,OralEase Plus Toothbrush,Apr2004,57
Australia,France,SmellSational Intimate Spray,Sep2004,88
India,Japan,BrightBreeze Insect Repellent,May2004,158
Australia,Italy,MorningMint,Dec2004,168
Italy,France,RadiantRose Glass Cleaner,Apr2004,192
India,Italy,CalmingClean Bath Time Wash,Nov2004,111
South Africa,Japan,SoothingSerenity Humidifier,Apr2004,187
Australia,Brazil,OralEase Gel,Sep2004,86
Australia,Japan,SkinSational Moisturizer,Oct2004,90
India,Italy,FreshFusion Baby Wipes,Jun2004,64
Australia,Italy,EasyWash Pet Laundry Detergent,Mar2004,136
France,Australia,CalmingClean Bath Time Wash,Jul2004,188
Japan,Australia,SmellSational Odor Eliminator,Jan2004,167
South Africa,France,CleanSmile Floss Picks,Oct2004,50
Japan,Brazil,EasyWash Laundry Detergent for Babies,Jul2004,68
France,Egypt,SunShield SPF 50 Lotion,Nov2004,120
United Kingdom,India,SmellSational Baby Room Spray,Feb2004,135
Egypt,Russia,SmellSational Baby Room Spray,May2004,84
Australia,Brazil,MorningBreeze Gum Care,May2004,167
Australia,Brazil,SmileSavvy Tooth Whitening Kit,Aug2004,54
Australia,Brazil,OralEase Gel,Mar2004,198
Italy,Russia,FreshFusion All-Purpose Cleaner,Jul2004,51
Russia,France,CleanSkin Acne Treatment,Nov2004,143
Brazil,France,LittleLullaby Diaper Liners,Sep2004,104
France,Italy,SparklingGlow Toothpaste,Dec2004,187
Russia,Italy,FreshStart Toothpaste,Feb2004,176
Russia,United Kingdom,MorningMist Deodorant,May2004,56
Australia,France,SmellSational Intimate Spray,Nov2004,109
Japan,India,MorningBreeze Gum Care,Jul2004,85
Australia,Brazil,SmellSational Intimate Spray,Jan2004,127
Brazil,Russia,SoothingSerenity Hand Sanitizer,Apr2004,51
Australia,Russia,SmellSational Intimate Spray,Nov2004,184
Russia,Japan,SoothingSerenity Air Freshener,Apr2004,196
United Kingdom,Brazil,GentleGlow Dish Soap,Nov2004,126
Egypt,India,SoftStep Shaving Cream,Feb2004,79
India,Australia,SmileShield Whitening Strips,Aug2004,95
India,France,SparklingClean All-Purpose Cleaner,Apr2004,82
Australia,India,EasyWash Pet Laundry Detergent,Nov2004,79
Brazil,Italy,LittleLullaby Diaper Liners,Aug2004,170
Egypt,United Kingdom,SparklingClean All-Purpose Cleaner,Jun2004,133
Brazil,South Africa,MorningMist Deodorant,Sep2004,133
South Africa,France,PurePore Baby Skincare Set,Jul2004,186
Italy,Australia,FreshFusion All-Purpose Cleaner,Feb2004,131
South Africa,Italy,EasyWash Pet Laundry Detergent,Jan2004,70
Australia,South Africa,OralEase Gel,Nov2004,54
Japan,South Africa,SoothingSerenity Scalp Treatment,Feb2004,87
Egypt,Italy,FreshFusion Hair Mask,May2004,122
Brazil,Australia,Exfoliating Essentials Scrub,Mar2004,161
India,France,CleanSlate Stain Remover,Jun2004,149
Australia,Italy,EasyWash Pet Laundry Detergent,Aug2004,154
Australia,Brazil,EasyWash Pet Laundry Detergent,May2004,155
Brazil,France,LittleLullaby Diaper Liners,Nov2004,114
Italy,India,FreshFusion Baby Wipes,Jan2004,167
South Africa,France,PurePore Baby Skincare Set,May2004,89
South Africa,United Kingdom,PurePore Baby Skincare Set,Jul2004,151
Egypt,Japan,PurePaw Dog Shampoo,Apr2004,115
Italy,Brazil,SoftStep Shaving Cream,Apr2004,175
Italy,South Africa,RadiantRose Glass Cleaner,Feb2004,146
France,Russia,SunShield SPF 50 Lotion,Apr2004,56
Australia,France,MorningBreeze Gum Care,Jul2004,119
Japan,Australia,EasyWash Laundry Detergent for Babies,Aug2004,57
Italy,India,FreshFusion All-Purpose Cleaner,Apr2004,177
India,Russia,SparklingClean All-Purpose Cleaner,Apr2004,83
Brazil,India,SparklingGlow Toothpaste,Dec2004,148
Australia,Egypt,FreshFold Fabric Refresher,Jul2004,63
Australia,South Africa,SkinSational Moisturizer,Feb2004,199
Russia,Italy,SmellSational Intimate Spray,Nov2004,187
Russia,Italy,MorningMist Deodorant,Jan2004,144
Brazil,Australia,CalmingClean Dog Brush,Feb2004,157
Australia,India,HydratingHoney Pet Wipes,Jan2004,124
South Africa,Russia,Purezza Body Wash,Feb2004,162
Australia,Egypt,EasyWash Pet Laundry Detergent,Jan2004,85
Brazil,Russia,CalmingClean Dog Brush,Nov2004,53
Russia,United Kingdom,FreshFusion All-Purpose Cleaner,Nov2004,181
India,Japan,SparklingClean All-Purpose Cleaner,Mar2004,108
France,Italy,SunShield SPF 50 Lotion,Jul2004,140
Australia,United Kingdom,OralEase Gel,Jun2004,76
United Kingdom,France,HydraHydrate Hand Cream,Nov2004,65
Australia,Brazil,MorningBreeze Gum Care,Apr2004,113
United Kingdom,Italy,BreatheEasy Inhalant,Dec2004,61
Brazil,Japan,LittleLullaby Diaper Liners,Jul2004,153
Brazil,Egypt,LuminousLip Care,Oct2004,107
France,Russia,CalmingClean Bath Time Wash,Mar2004,160
Italy,Japan,FreshFusion All-Purpose Cleaner,Aug2004,161
Australia,South Africa,FreshFusion Baby Wipes,May2004,171
Australia,France,SkinSational Moisturizer,Dec2004,144
Japan,Brazil,SoothingSerenity Scalp Treatment,Apr2004,115
India,Japan,CleanSlate Stain Remover,Jul2004,95
Australia,South Africa,MorningBreeze Gum Care,Sep2004,88
Russia,Brazil,CleanSkin Acne Treatment,Nov2004,82
France,Australia,SunShield SPF 50 Lotion,Aug2004,106
Russia,Egypt,SmellSational Intimate Spray,Mar2004,86
Egypt,Brazil,RadiantRose Baby Massage Oil,Jan2004,191
Russia,United Kingdom,SmilesSoPure Waterpik,Jan2004,87
Brazil,Egypt,LuminousLip Care,Jul2004,94
Brazil,United Kingdom,Exfoliating Essentials Scrub,May2004,101
Italy,Japan,SoftStep Shaving Cream,Aug2004,97
Brazil,Russia,OralEase Plus Toothbrush,Sep2004,199
South Africa,Brazil,Purezza Body Wash,Feb2004,68
Japan,France,SmellSational Odor Eliminator,Dec2004,100
Egypt,Italy,PurePaw Dog Shampoo,Jul2004,60
Brazil,United Kingdom,OralEase Plus Toothbrush,Oct2004,183
Egypt,South Africa,BrightBreeze Window Cleaner,Oct2004,129
India,Japan,SparklingClean All-Purpose Cleaner,Sep2004,83
Australia,Brazil,MorningBreeze Gum Care,Sep2004,109
Egypt,Russia,BrightBreeze Window Cleaner,Jan2004,199
United Kingdom,India,EasyWash Pet Laundry Detergent,Aug2004,83
Egypt,France,RadiantRose Baby Massage Oil,Apr2004,151
Italy,Australia,PurePore Toner,Sep2004,156
India,United Kingdom,SparklingSmile Water Flosser,Jun2004,107
France,Brazil,BrightBreeze Baby Sunscreen Stick,Feb2004,196
Italy,South Africa,FreshFusion Diaper Rash Remedy,Jul2004,52
India,Japan,FreshFusion Baby Wipes,Aug2004,116
Egypt,India,BrightBreeze Window Cleaner,Jan2004,105
United Kingdom,Japan,BreatheEasy Inhalant,Aug2004,91
Brazil,South Africa,LittleLullaby Diaper Liners,Dec2004,119
Egypt,Japan,Purezza Body Wash,May2004,143
Brazil,Japan,BrightBreeze Baby Sunscreen Stick,Oct2004,119
Japan,Australia,SoothingSoft Fabric Softener,Apr2004,191
United Kingdom,South Africa,SmellSational Baby Room Spray,Oct2004,190
Australia,India,OralEase Gel,May2004,91
South Africa,Russia,Purezza Body Wash,May2004,135
Russia,India,CleanSkin Acne Treatment,May2004,112
Brazil,Russia,BrightBreeze Baby Sunscreen Stick,Nov2004,122
India,United Kingdom,CalmingClean Bath Time Wash,Feb2004,163
India,France,SilkySkin Baby Cream,Feb2004,156
Russia,South Africa,SmellSational Intimate Spray,Dec2004,147
Australia,United Kingdom,DentalDefense Toothpaste,Feb2004,97
Japan,Australia,SoothingSerenity Scalp Treatment,Mar2004,196
South Africa,India,RadiantRinse Color Protector,Feb2004,80
Egypt,Russia,MorningBreeze Gum Care,Apr2004,199
India,Russia,CleanSlate Stain Remover,Oct2004,153
Australia,Japan,SmileSavvy Tooth Whitening Kit,Sep2004,55
Brazil,Italy,CalmingClean Dog Brush,Aug2004,84
Australia,South Africa,Brightening Body Wash,Apr2004,163
Egypt,South Africa,SparklingClean All-Purpose Cleaner,Jun2004,193
Egypt,Japan,Purezza Body Wash,Jul2004,96
Russia,France,FreshFusion Baby Wipes,Dec2004,97
India,Brazil,SilkySkin Baby Cream,Feb2004,112
Italy,Egypt,SparklingGlow Toothpaste,Oct2004,127
Russia,India,MorningBreeze Gum Care,Feb2004,77
Russia,Egypt,SoftStep Shaving Cream for Women,Aug2004,118
Brazil,Australia,Exfoliating Essentials Scrub,Apr2004,190
United Kingdom,Egypt,HydraHydrate Hand Cream,Feb2004,106
Russia,France,FreshStart Toothpaste,Feb2004,165
Brazil,Russia,CalmingClean Dog Brush,Sep2004,97
Egypt,Brazil,PurePaw Dog Shampoo,Aug2004,178
Australia,Italy,MorningBreeze Gum Care,Aug2004,78
India,Japan,HydraHydrate Hand Cream,Nov2004,174
Australia,India,SoothingSerenity Scalp Treatment,Oct2004,56
United Kingdom,South Africa,GentleGlow Dish Soap,Nov2004,68
Egypt,Russia,FreshFusion Hair Mask,Apr2004,116
Brazil,India,LittleLullaby Diaper Liners,Aug2004,162
India,Italy,HydraHydrate Hand Cream,May2004,121
United Kingdom,Brazil,SilkySkin Baby Moisturizer,Feb2004,50
Egypt,Russia,SoftStep Shaving Cream,Aug2004,105
France,South Africa,SunShield SPF 50 Lotion,May2004,71
Japan,Australia,SoothingSerenity Scalp Treatment,Feb2004,77
Brazil,Australia,SparklingGlow Toothpaste,Dec2004,182
Egypt,United Kingdom,RadiantRose Baby Massage Oil,Sep2004,94
Brazil,India,SoothingSoft Fabric Softener,May2004,99
Australia,Brazil,CleanSmile Floss Picks,Jul2004,85
Italy,Egypt,FreshFusion Diaper Rash Remedy,Jun2004,158
Russia,United Kingdom,SoothingSerenity Air Freshener,Jun2004,75
Australia,India,SmileSavvy Tooth Whitening Kit,Mar2004,195
Brazil,Italy,LuminousLip Care,Jul2004,54
United Kingdom,Russia,HydraHydrate Hand Cream,Sep2004,86
Italy,Brazil,FreshFusion All-Purpose Cleaner,Jan2004,152
Australia,Russia,MorningBreeze Gum Care,Apr2004,74
Brazil,France,BrightBreeze Baby Sunscreen Stick,Apr2004,135
South Africa,France,FreshFusion Diaper Rash Remedy,Jan2004,182
Brazil,United Kingdom,MorningMist Deodorant,May2004,88
France,Brazil,SparklingGlow Toothpaste,Apr2004,81
Brazil,India,BrightBreeze Baby Sunscreen Stick,Aug2004,85
India,Russia,HydraHydrate Hand Cream,Dec2004,195
India,Australia,BrightBreeze Insect Repellent,Oct2004,182
India,Australia,CalmingClean Bath Time Wash,May2004,138
Japan,Brazil,SoothingSerenity Scalp Treatment,Jul2004,99
India,Italy,CleanSlate Stain Remover,Jul2004,132
Italy,France,FreshFusion Diaper Rash Remedy,Jul2004,58
Japan,United Kingdom,MorningBreeze Gum Care,Mar2004,183
Russia,Japan,FreshStart Toothpaste,May2004,176
South Africa,Japan,SoothingSerenity Humidifier,Nov2004,186
Egypt,United Kingdom,HydraHydrate Hand Cream,Jan2004,83
United Kingdom,South Africa,SmellSational Baby Room Spray,Apr2004,111
South Africa,Australia,CleanSmile Floss Picks,Jun2004,182
Egypt,Russia,BrightBreeze Period Pain Relief,Dec2004,79
Russia,Egypt,CleanSkin Acne Treatment,Apr2004,59
Brazil,South Africa,OralEase Plus Toothbrush,Feb2004,178
Italy,Brazil,PurePaw Dog Shampoo,Feb2004,50
Italy,United Kingdom,FreshFusion Diaper Rash Remedy,Mar2004,184
Australia,India,DentalDefense Toothpaste,Apr2004,145
United Kingdom,India,HydraHydrate Hand Cream,Aug2004,170
India,France,DailyDazzle Toothpaste,Jun2004,166
Australia,Russia,SoothingSerenity Scalp Treatment,Aug2004,124
France,Egypt,CalmingClean Bath Time Wash,Aug2004,153
India,Russia,RadiantRose Baby Massage Oil,Nov2004,61
France,Italy,SparklingGlow Toothpaste,Sep2004,156
Italy,Egypt,SparklingGlow Toothpaste,Dec2004,98
Australia,Italy,SmellSational Intimate Spray,Jul2004,146
Australia,Brazil,SkinSational Moisturizer,Oct2004,166
Italy,Egypt,FreshFusion Baby Wipes,Sep2004,118
Australia,Egypt,FreshFold Fabric Refresher,Sep2004,89
Brazil,Australia,SoothingSoft Fabric Softener,Nov2004,186
South Africa,France,SoothingSerenity Humidifier,Apr2004,182
South Africa,Russia,Purezza Body Wash,Sep2004,53
France,Egypt,CalmingClean Bath Time Wash,Feb2004,58
Russia,Brazil,FreshFusion Baby Wipes,Aug2004,78
France,Russia,SparklingGlow Toothpaste,Apr2004,138
United Kingdom,Egypt,SmellSational Baby Room Spray,Feb2004,110
South Africa,Italy,CalmingClean Bath Time Wash,Dec2004,60
Russia,Egypt,PurePore Insect Repellent Spray,Mar2004,81
Italy,India,EasyWash Laundry Detergent,Oct2004,156
Brazil,Australia,CalmingClean Dog Brush,Apr2004,75
Brazil,Japan,SoothingSerenity Hand Sanitizer,Sep2004,172
Brazil,South Africa,Hydrating Honey Body Lotion,Apr2004,50
Brazil,Egypt,SoothingSoft Fabric Softener,May2004,110
Japan,Brazil,SoothingSoft Fabric Softener,May2004,85
Russia,Japan,FreshFusion Baby Wipes,Jan2004,127
Russia,Japan,FreshStart Toothpaste,Sep2004,103
Russia,South Africa,FreshFusion Baby Wipes,Jan2004,92
Russia,Italy,FreshStart Toothpaste,Dec2004,187
Italy,Brazil,FreshFusion Diaper Rash Remedy,Sep2004,71
South Africa,Brazil,PurePore Baby Skincare Set,Oct2004,136
Australia,Russia,EasyWash Pet Laundry Detergent,Aug2004,53
Brazil,United Kingdom,Hydrating Honey Body Lotion,May2004,93
Brazil,India,SparklingGlow Toothpaste,Oct2004,183
Russia,South Africa,MorningMist Deodorant,Jul2004,89
South Africa,Brazil,CalmingClean Bath Time Wash,Nov2004,73
Russia,Brazil,SoothingSerenity Air Freshener,Aug2004,148
India,United Kingdom,FreshFusion Baby Wipes,May2004,119
Brazil,Japan,SoothingSoft Fabric Softener,May2004,162
Australia,United Kingdom,SmellSational Intimate Spray,Jun2004,195
United Kingdom,Brazil,BreatheEasy Inhalant,Jul2004,105
Italy,Russia,FreshFusion All-Purpose Cleaner,Jan2004,157
United Kingdom,Egypt,BreatheEasy Inhalant,Jan2004,138
South Africa,Japan,PurePore Baby Skincare Set,Apr2004,186
India,Italy,CalmingClean Bath Time Wash,Sep2004,84
Russia,India,MorningBreeze Gum Care,Jul2004,198
India,United Kingdom,SilkySkin Baby Cream,Aug2004,188
India,Japan,RadiantRose Baby Massage Oil,Mar2004,66
Russia,South Africa,SmellSational Intimate Spray,Jan2004,55
South Africa,Russia,HydraHydrate Hand Cream,Jul2004,63
United Kingdom,Japan,BreatheEasy Inhalant,Jun2004,95
Australia,South Africa,SoothingSerenity Scalp Treatment,Dec2004,177
Russia,France,CleanSkin Acne Treatment,Mar2004,116
Japan,France,SmellSational Odor Eliminator,May2004,200
Brazil,France,LittleLullaby Diaper Liners,Jan2004,57
Egypt,France,MorningBreeze Gum Care,Jan2004,128
United Kingdom,South Africa,BreatheEasy Inhalant,Apr2004,169
Egypt,Brazil,SmellSational Baby Room Spray,Feb2004,180
India,Italy,SparklingClean All-Purpose Cleaner,Apr2004,136
India,United Kingdom,BrightBreeze Insect Repellent,Jun2004,65
Egypt,Australia,PurePaw Dog Shampoo,Apr2004,152
India,France,BrightBreeze Insect Repellent,May2004,75
Egypt,Italy,RadiantRose Baby Massage Oil,Jun2004,170
Russia,Japan,SoothingSerenity Air Freshener,Feb2004,188
Egypt,Japan,SoftStep Shaving Cream,Jul2004,181
Egypt,India,BrightBreeze Window Cleaner,Aug2004,191
Australia,Italy,EasyWash Pet Laundry Detergent,Feb2004,145
France,South Africa,BrightBreeze Baby Sunscreen Stick,Jun2004,151
France,Egypt,SunShield SPF 50 Lotion,Jun2004,128
Italy,Japan,FreshFusion Baby Wipes,Jan2004,151
Australia,United Kingdom,MorningBreeze Gum Care,Aug2004,137
Russia,Brazil,FreshFusion Baby Wipes,Sep2004,141
South Africa,Brazil,CleanSmile Floss Picks,Nov2004,108
Russia,France,FreshFusion Baby Wipes,Aug2004,164
India,United Kingdom,CalmingClean Bath Time Wash,Sep2004,57
South Africa,Australia,CalmingClean Bath Time Wash,May2004,97
Russia,India,SoothingSerenity Hand Sanitizer,Apr2004,176
United Kingdom,Australia,SilkySkin Baby Moisturizer,Jun2004,197
South Africa,Japan,FreshFusion Diaper Rash Remedy,Oct2004,122
Italy,Japan,EasyWash Laundry Detergent,Oct2004,197
Russia,Australia,MorningMist Deodorant,May2004,137
India,Egypt,FreshFusion Baby Wipes,Oct2004,101
Australia,Egypt,MorningMint,May2004,176
Italy,United Kingdom,FreshFusion Diaper Rash Remedy,Apr2004,141
India,Australia,SilkySkin Baby Cream,Apr2004,142
Australia,India,CleanSmile Floss Picks,Feb2004,122
United Kingdom,France,BreatheEasy Inhalant,Dec2004,73
Brazil,India,MorningMist Deodorant,Mar2004,68
France,South Africa,SparklingGlow Toothpaste,Sep2004,89
Russia,Italy,SmellSational Intimate Spray,Oct2004,174
Japan,Australia,SoothingSerenity Scalp Treatment,Apr2004,150
Italy,Brazil,EasyWash Laundry Detergent,Jul2004,157
Italy,Russia,FreshFusion All-Purpose Cleaner,May2004,123
Australia,France,SmellSational Intimate Spray,Jun2004,76
France,India,BrightBreeze Baby Sunscreen Stick,Sep2004,73
United Kingdom,Australia,GentleGlow Dish Soap,Oct2004,125
Australia,Japan,Brightening Body Wash,Dec2004,112
India,France,SparklingClean All-Purpose Cleaner,Jan2004,87
United Kingdom,Egypt,BreatheEasy Inhalant,Mar2004,119
Brazil,Australia,LuminousLip Care,Oct2004,87
Russia,South Africa,FreshFusion Baby Wipes,Jul2004,70
Russia,United Kingdom,SmilesSoPure Waterpik,Dec2004,68
Australia,Brazil,EasyWash Pet Laundry Detergent,Nov2004,94
Italy,United Kingdom,FreshFusion Diaper Rash Remedy,Jun2004,145
Brazil,Australia,BrightBreeze Baby Sunscreen Stick,Apr2004,186
Japan,Russia,SoothingSerenity Scalp Treatment,Jul2004,145
Australia,Italy,SoothingSerenity Scalp Treatment,Mar2004,66
India,Italy,HydraHydrate Hand Cream,Apr2004,70
United Kingdom,Egypt,EasyWash Pet Laundry Detergent,Jan2004,157
Egypt,France,SoftStep Shaving Cream,Apr2004,107
United Kingdom,France,BreatheEasy Inhalant,Oct2004,177
Russia,Italy,CleanSkin Acne Treatment,Aug2004,161
United Kingdom,Egypt,BreatheEasy Inhalant,Jul2004,51
United Kingdom,India,EasyWash Pet Laundry Detergent,Mar2004,83
Italy,France,SoftStep Shaving Cream,Mar2004,129
United Kingdom,Japan,EasyWash Pet Laundry Detergent,Mar2004,117
Brazil,Australia,SoothingSoft Fabric Softener,Jan2004,151
Japan,Brazil,SmellSational Odor Eliminator,Feb2004,56
Egypt,Japan,BrightBreeze Period Pain Relief,Apr2004,190
Russia,Brazil,SmilesSoPure Waterpik,Jun2004,100
United Kingdom,Egypt,SmellSational Baby Room Spray,Oct2004,63
United Kingdom,Russia,HydraHydrate Hand Cream,Jul2004,62
India,United Kingdom,BrightBreeze Insect Repellent,Feb2004,177
United Kingdom,India,BreatheEasy Inhalant,Jul2004,52
Russia,Brazil,SoothingSerenity Hand Sanitizer,Dec2004,197
United Kingdom,Australia,GentleGlow Dish Soap,Jul2004,193
Italy,India,FreshFusion Baby Wipes,Jun2004,169
Brazil,Egypt,MorningMist Deodorant,Sep2004,170
India,France,DailyDazzle Toothpaste,Feb2004,149
Egypt,Brazil,SoftStep Shaving Cream,Feb2004,60
Egypt,Italy,RadiantRose Baby Massage Oil,May2004,117
Egypt,United Kingdom,FreshFusion Hair Mask,Feb2004,117
Australia,Japan,SoothingSerenity Scalp Treatment,Dec2004,143
Russia,United Kingdom,FreshFusion All-Purpose Cleaner,Feb2004,193
France,Japan,SparklingGlow Toothpaste,Jul2004,52
Egypt,France,MorningBreeze Gum Care,Aug2004,73
France,Italy,SparklingGlow Toothpaste,Jun2004,50
Egypt,India,SparklingClean All-Purpose Cleaner,Feb2004,108
Japan,Australia,SoothingSoft Fabric Softener,Jan2004,125
Brazil,South Africa,SoothingSerenity Hand Sanitizer,Mar2004,131
South Africa,Brazil,CalmingClean Bath Time Wash,May2004,188
Japan,South Africa,MorningBreeze Gum Care,Mar2004,114
India,Japan,SilkySkin Baby Cream,Dec2004,157
Japan,United Kingdom,SoothingSoft Fabric Softener,Jan2004,140
India,Australia,CalmingClean Bath Time Wash,Jun2004,108
Brazil,Italy,LuminousLip Care,Jan2004,176
Brazil,Australia,BrightBreeze Baby Sunscreen Stick,Jul2004,145
South Africa,Brazil,Purezza Body Wash,Jul2004,103
Egypt,Russia,MorningBreeze Gum Care,Jul2004,180
Italy,France,FreshFusion Baby Wipes,Oct2004,159
Australia,South Africa,MorningMint,Apr2004,174
Egypt,Japan,RadiantRose Baby Massage Oil,Aug2004,79
France,India,SunShield SPF 50 Lotion,Jun2004,93
Australia,France,SkinSational Moisturizer,Aug2004,167
Australia,United Kingdom,DentalDefense Toothpaste,Dec2004,71
India,Brazil,CleanSlate Stain Remover,Jan2004,106
Italy,Brazil,BrightBreeze Period Pain Relief,Nov2004,124
India,Australia,SmellSational Odor Eliminator,Jun2004,190
India,Australia,SparklingSmile Water Flosser,Sep2004,159
Australia,France,SkinSational Moisturizer,Oct2004,51
Japan,Russia,EasyWash Laundry Detergent for Babies,Jun2004,120
Brazil,Russia,SparklingGlow Toothpaste,Mar2004,125
Russia,Italy,SoothingSerenity Hand Sanitizer,Oct2004,155
Brazil,France,Exfoliating Essentials Scrub,Apr2004,197
Italy,Brazil,EasyWash Laundry Detergent,Sep2004,107
Russia,United Kingdom,MorningMist Deodorant,Oct2004,128
Italy,Egypt,FreshFusion Baby Wipes,Jan2004,65
South Africa,Italy,FreshFusion Diaper Rash Remedy,Mar2004,50
Brazil,Japan,SparklingGlow Toothpaste,Oct2004,151
Russia,Brazil,FreshStart Toothpaste,May2004,76
United Kingdom,Russia,SilkySkin Baby Moisturizer,Oct2004,100
Italy,France,FreshFusion Diaper Rash Remedy,Dec2004,191
Italy,South Africa,BrightBreeze Period Pain Relief,May2004,158
Russia,India,FreshFusion All-Purpose Cleaner,Jul2004,196
Egypt,United Kingdom,SparklingClean All-Purpose Cleaner,Jan2004,159
South Africa,Japan,EasyWash Pet Laundry Detergent,Sep2004,188
India,South Africa,FreshFusion Baby Wipes,Apr2004,135
Italy,Australia,PurePaw Dog Shampoo,Feb2004,119
Italy,Australia,FreshFusion Baby Wipes,Feb2004,84
Italy,Egypt,RadiantRose Glass Cleaner,Jul2004,173
Egypt,Russia,RadiantRose Baby Massage Oil,Sep2004,78
Egypt,India,RadiantRose Baby Massage Oil,Feb2004,59
South Africa,India,Purezza Body Wash,Jul2004,55
France,Russia,SparklingGlow Toothpaste,Jul2004,63
India,France,SilkySkin Baby Cream,Dec2004,116
France,Japan,SunShield SPF 50 Lotion,Feb2004,136
Egypt,Australia,SmellSational Baby Room Spray,Aug2004,119
Japan,India,SoothingSerenity Scalp Treatment,Feb2004,64
South Africa,Brazil,FreshFusion Diaper Rash Remedy,Apr2004,148
Russia,United Kingdom,CleanSkin Acne Treatment,Jun2004,135
Brazil,Japan,LittleLullaby Diaper Liners,Aug2004,125
Australia,India,SmellSational Intimate Spray,Sep2004,97
Egypt,Australia,MorningBreeze Gum Care,Sep2004,54
India,Egypt,RadiantRose Baby Massage Oil,Aug2004,82
India,Italy,SparklingSmile Water Flosser,Nov2004,56
Australia,United Kingdom,FreshFusion Baby Wipes,Dec2004,188
Russia,Brazil,MorningMist Deodorant,Jan2004,181
United Kingdom,Australia,BreatheEasy Inhalant,Sep2004,55
United Kingdom,India,SilkySkin Baby Moisturizer,Oct2004,196
Italy,Russia,RadiantRose Glass Cleaner,Sep2004,50
South Africa,Egypt,RadiantRinse Color Protector,May2004,129
Russia,France,SmellSational Intimate Spray,Sep2004,83
Italy,Egypt,SparklingGlow Toothpaste,May2004,85
Italy,Egypt,PurePaw Dog Shampoo,Jul2004,187
Russia,Egypt,SmellSational Intimate Spray,Jun2004,84
Australia,Egypt,SmellSational Intimate Spray,Jun2004,51
Russia,Italy,CleanSkin Acne Treatment,Dec2004,111
Australia,Egypt,OralEase Gel,Mar2004,175
Russia,United Kingdom,CleanSkin Acne Treatment,Jul2004,60
United Kingdom,Italy,HydraHydrate Hand Cream,Feb2004,63
Brazil,India,SoothingSoft Fabric Softener,Aug2004,93
United Kingdom,Brazil,SmellSational Baby Room Spray,Oct2004,115
Italy,South Africa,EasyWash Laundry Detergent,Sep2004,108
India,Italy,RadiantRose Baby Massage Oil,Nov2004,115
Australia,Italy,SmellSational Intimate Spray,Aug2004,114
Australia,France,SkinSational Moisturizer,Apr2004,119
Russia,United Kingdom,FreshFusion Baby Wipes,Jul2004,55
India,Japan,SparklingClean All-Purpose Cleaner,Jul2004,136
Australia,Italy,DentalDefense Toothpaste,Apr2004,183
Egypt,Italy,Purezza Body Wash,Apr2004,109
United Kingdom,Russia,GentleGlow Dish Soap,Dec2004,89
Italy,Egypt,PurePore Toner,Dec2004,89
Japan,Brazil,MorningBreeze Gum Care,Sep2004,69
Brazil,South Africa,MorningMist Deodorant,Mar2004,187
Italy,Brazil,PurePore Toner,Aug2004,125
France,India,SparklingGlow Toothpaste,Jul2004,177
South Africa,Russia,EasyWash Pet Laundry Detergent,Feb2004,55
Japan,United Kingdom,EasyWash Laundry Detergent for Babies,May2004,64
Australia,Russia,OralEase Gel,Nov2004,55
France,Australia,SunShield SPF 50 Lotion,Mar2004,50
Australia,France,EasyWash Pet Laundry Detergent,Jan2004,92
Russia,India,SmellSational Intimate Spray,Apr2004,159
South Africa,India,HydraHydrate Hand Cream,Oct2004,135
Brazil,Japan,SoothingSerenity Hand Sanitizer,Nov2004,178
South Africa,France,Purezza Body Wash,Jul2004,108
Australia,India,SkinSational Moisturizer,Oct2004,130
Egypt,Japan,Purezza Body Wash,Apr2004,152
Australia,United Kingdom,DentalDefense Toothpaste,Apr2004,109
Japan,South Africa,SoothingSoft Fabric Softener,Dec2004,110
Australia,Brazil,SmileSavvy Tooth Whitening Kit,Mar2004,105
Italy,Egypt,PurePaw Dog Shampoo,Aug2004,53
Brazil,Italy,MorningMist Deodorant,Nov2004,161
United Kingdom,Australia,EasyWash Pet Laundry Detergent,Mar2004,110
Brazil,Egypt,CalmingClean Dog Brush,Dec2004,68
Egypt,Australia,FreshFusion Hair Mask,Feb2004,116
Japan,India,MorningBreeze Gum Care,Mar2004,175
South Africa,Russia,CalmingClean Bath Time Wash,Apr2004,134
Brazil,Japan,OralEase Plus Toothbrush,Jul2004,101
Egypt,France,HydraHydrate Hand Cream,Oct2004,147
France,Japan,SparklingGlow Toothpaste,Nov2004,113
United Kingdom,Egypt,BreatheEasy Inhalant,Oct2004,128
Brazil,Egypt,Exfoliating Essentials Scrub,Jul2004,136
India,South Africa,CleanSlate Stain Remover,Aug2004,124
Japan,South Africa,EasyWash Laundry Detergent for Babies,Jun2004,139
France,Japan,SparklingGlow Toothpaste,Jan2004,181
United Kingdom,Japan,SilkySkin Baby Moisturizer,Aug2004,61
France,India,SparklingGlow Toothpaste,Apr2004,168
Brazil,Russia,OralEase Plus Toothbrush,Jun2004,56
Russia,India,SoothingSerenity Air Freshener,Apr2004,140
Australia,India,EasyWash Pet Laundry Detergent,Feb2004,134
Australia,Russia,SoothingSerenity Scalp Treatment,Jun2004,190
Russia,Italy,MorningMist Deodorant,Aug2004,151
Egypt,India,FreshFusion Hair Mask,May2004,61
France,Russia,CalmingClean Bath Time Wash,Jan2004,99
France,Egypt,SunShield SPF 50 Lotion,Sep2004,148
Egypt,France,SoftStep Shaving Cream,Jan2004,152
South Africa,United Kingdom,SoothingSerenity Humidifier,Jun2004,188
Brazil,Egypt,Exfoliating Essentials Scrub,Dec2004,79
Italy,India,EasyWash Laundry Detergent,May2004,172
United Kingdom,South Africa,SmellSational Baby Room Spray,Dec2004,110
Brazil,Australia,SoothingSerenity Hand Sanitizer,Nov2004,173
Italy,Japan,FreshFusion Diaper Rash Remedy,Jul2004,146
Egypt,Brazil,RadiantRose Baby Massage Oil,May2004,144
Egypt,South Africa,PurePaw Dog Shampoo,Aug2004,137
Russia,Egypt,CleanSkin Acne Treatment,Jan2004,146
India,Italy,CleanSlate Stain Remover,Jan2004,100
India,Australia,CleanSlate Stain Remover,Mar2004,200
Russia,Australia,CleanSkin Acne Treatment,Jun2004,75
Russia,Japan,CleanSkin Acne Treatment,Jan2004,111
Brazil,United Kingdom,LuminousLip Care,Dec2004,180
United Kingdom,South Africa,EasyWash Pet Laundry Detergent,Dec2004,174
Russia,Egypt,FreshStart Toothpaste,Feb2004,197
France,Egypt,SunShield SPF 50 Lotion,Feb2004,69
Italy,India,FreshFusion Diaper Rash Remedy,May2004,75
South Africa,Brazil,RadiantRinse Color Protector,May2004,125
India,Brazil,FreshFusion Baby Wipes,Dec2004,162
Brazil,France,Hydrating Honey Body Lotion,May2004,131
India,Australia,DailyDazzle Toothpaste,Sep2004,170
Australia,Egypt,HydratingHoney Pet Wipes,Jul2004,193
Australia,South Africa,SmileSavvy Tooth Whitening Kit,Aug2004,159
Egypt,Brazil,MorningBreeze Gum Care,Sep2004,189
Italy,India,RadiantRose Glass Cleaner,Sep2004,60
Brazil,Japan,SparklingGlow Toothpaste,Dec2004,137
Italy,Egypt,PurePaw Dog Shampoo,Jun2004,92
Italy,Japan,FreshFusion All-Purpose Cleaner,Feb2004,83
France,South Africa,CalmingClean Bath Time Wash,Dec2004,62
Brazil,United Kingdom,OralEase Plus Toothbrush,Feb2004,74
United Kingdom,France,HydraHydrate Hand Cream,Dec2004,186
Australia,India,SkinSational Moisturizer,Jan2004,114
Russia,France,FreshFusion Baby Wipes,Feb2004,156
Brazil,Russia,CalmingClean Dog Brush,Feb2004,176
India,Brazil,SmellSational Odor Eliminator,Apr2004,79
Brazil,Russia,SoothingSoft Fabric Softener,Jun2004,91
Italy,India,RadiantRose Glass Cleaner,Jun2004,184
Russia,Egypt,MorningMist Deodorant,Jul2004,166
Italy,Japan,EasyWash Laundry Detergent,Jul2004,63
Russia,Brazil,PurePore Insect Repellent Spray,Apr2004,61
South Africa,France,RadiantRinse Color Protector,Feb2004,135
Australia,South Africa,HydratingHoney Pet Wipes,Jan2004,179
Japan,India,MorningBreeze Gum Care,Jan2004,87
Egypt,France,Purezza Body Wash,Dec2004,160
South Africa,Russia,CleanSmile Floss Picks,Oct2004,81
United Kingdom,South Africa,EasyWash Pet Laundry Detergent,Jan2004,81
Egypt,India,Purezza Body Wash,Nov2004,136
Italy,South Africa,PurePaw Dog Shampoo,Oct2004,80
Brazil,Italy,OralEase Plus Toothbrush,Jul2004,182
Russia,Australia,FreshFusion All-Purpose Cleaner,Nov2004,163
United Kingdom,Russia,EasyWash Pet Laundry Detergent,Jan2004,64
United Kingdom,Australia,BreatheEasy Inhalant,Mar2004,115
India,Brazil,FreshFusion Baby Wipes,Jul2004,183
Japan,India,SoothingSerenity Scalp Treatment,Oct2004,182
Brazil,India,Hydrating Honey Body Lotion,Nov2004,159
Japan,South Africa,MorningBreeze Gum Care,Jun2004,120
India,Brazil,BrightBreeze Insect Repellent,Dec2004,131
South Africa,United Kingdom,RadiantRinse Color Protector,Dec2004,171
India,Australia,FreshFusion Baby Wipes,Dec2004,129
Russia,Italy,SmilesSoPure Waterpik,Sep2004,140
South Africa,Egypt,FreshFusion Diaper Rash Remedy,Jan2004,109
South Africa,Russia,EasyWash Pet Laundry Detergent,Dec2004,108
Brazil,South Africa,SoothingSoft Fabric Softener,Mar2004,136
South Africa,Russia,FreshFusion Diaper Rash Remedy,Mar2004,127
Australia,Russia,SkinSational Moisturizer,Oct2004,198
Egypt,Russia,SparklingClean All-Purpose Cleaner,Jul2004,127
Australia,Italy,SmellSational Intimate Spray,Sep2004,160
France,Italy,SunShield SPF 50 Lotion,Jan2004,200
South Africa,Australia,RadiantRinse Color Protector,Sep2004,153
United Kingdom,France,SmellSational Baby Room Spray,May2004,155
France,Australia,CalmingClean Bath Time Wash,Mar2004,186
France,India,SunShield SPF 50 Lotion,Oct2004,188
United Kingdom,France,EasyWash Pet Laundry Detergent,Nov2004,117
Russia,Japan,SoftStep Shaving Cream for Women,Jul2004,166
India,Japan,SparklingClean All-Purpose Cleaner,Jun2004,87
India,Italy,CleanSlate Stain Remover,Mar2004,134
South Africa,India,Purezza Body Wash,Mar2004,115
Brazil,Italy,MorningMist Deodorant,May2004,80
Russia,Egypt,SmellSational Intimate Spray,Feb2004,82
Brazil,Italy,OralEase Plus Toothbrush,Oct2004,167
Italy,Egypt,EasyWash Laundry Detergent,May2004,183
Australia,Brazil,MorningMint,Aug2004,174
Australia,Brazil,SmellSational Intimate Spray,Oct2004,108
Russia,India,PurePore Insect Repellent Spray,Mar2004,165
South Africa,France,RadiantRinse Color Protector,Dec2004,99
Brazil,Australia,SoothingSerenity Hand Sanitizer,Mar2004,103
Italy,Brazil,SparklingGlow Toothpaste,Aug2004,165
India,Egypt,BrightBreeze Insect Repellent,Jun2004,103
United Kingdom,South Africa,BreatheEasy Inhalant,Jun2004,71
South Africa,India,EasyWash Pet Laundry Detergent,Aug2004,189
United Kingdom,Italy,EasyWash Pet Laundry Detergent,Feb2004,146
India,Brazil,HydraHydrate Hand Cream,Mar2004,175
United Kingdom,South Africa,BreatheEasy Inhalant,Sep2004,196
India,Russia,CleanSlate Stain Remover,Jun2004,137
France,Egypt,BrightBreeze Baby Sunscreen Stick,Feb2004,58
Italy,India,FreshFusion Diaper Rash Remedy,Nov2004,99
Russia,Japan,SoftStep Shaving Cream for Women,May2004,122
France,Brazil,SparklingGlow Toothpaste,May2004,118
Italy,Egypt,SparklingGlow Toothpaste,Aug2004,87
Brazil,Egypt,Hydrating Honey Body Lotion,Nov2004,161
India,Australia,SmellSational Odor Eliminator,Jan2004,198
India,Japan,SmellSational Odor Eliminator,Jul2004,83
Australia,Brazil,SmellSational Intimate Spray,Nov2004,68
India,Japan,SparklingClean All-Purpose Cleaner,Jan2004,186
Egypt,Russia,SmellSational Baby Room Spray,Mar2004,60
Italy,United Kingdom,PurePaw Dog Shampoo,Nov2004,80
South Africa,France,PurePore Baby Skincare Set,Jun2004,145
Russia,United Kingdom,SmellSational Intimate Spray,Oct2004,146
South Africa,Japan,SoothingSerenity Humidifier,Feb2004,199
Egypt,India,SmellSational Baby Room Spray,Sep2004,195
South Africa,France,SoothingSerenity Humidifier,Aug2004,113
Brazil,Italy,BrightBreeze Baby Sunscreen Stick,Mar2004,64
India,France,HydraHydrate Hand Cream,Feb2004,195
France,Russia,SunShield SPF 50 Lotion,Dec2004,103
Japan,France,MorningBreeze Gum Care,Aug2004,57
Russia,Australia,CleanSkin Acne Treatment,Nov2004,186
Egypt,South Africa,FreshFusion Hair Mask,Sep2004,58
France,Australia,SparklingGlow Toothpaste,Feb2004,73
United Kingdom,France,SmellSational Baby Room Spray,Aug2004,101
Russia,Australia,SoothingSerenity Hand Sanitizer,Dec2004,163
Japan,France,EasyWash Laundry Detergent for Babies,Jul2004,78
United Kingdom,Brazil,SilkySkin Baby Moisturizer,Jan2004,153
India,United Kingdom,RadiantRose Baby Massage Oil,May2004,173
France,Japan,SunShield SPF 50 Lotion,Aug2004,54
Australia,Italy,OralEase Gel,Jul2004,91
Brazil,India,CalmingClean Dog Brush,Jul2004,151
Egypt,Italy,SparklingClean All-Purpose Cleaner,Sep2004,139
France,South Africa,SunShield SPF 50 Lotion,Jun2004,90
Egypt,India,HydraHydrate Hand Cream,Dec2004,154
Russia,India,CleanSkin Acne Treatment,Jan2004,144
Australia,Egypt,HydratingHoney Pet Wipes,Jan2004,138
France,United Kingdom,SparklingGlow Toothpaste,Apr2004,96
Brazil,United Kingdom,SoothingSoft Fabric Softener,Oct2004,83
Brazil,France,LittleLullaby Diaper Liners,Feb2004,148
India,Japan,HydraHydrate Hand Cream,Apr2004,89
France,Italy,CalmingClean Bath Time Wash,Sep2004,173
India,Australia,FreshFusion Baby Wipes,Nov2004,55
South Africa,Japan,FreshFusion Diaper Rash Remedy,Dec2004,119
South Africa,United Kingdom,Purezza Body Wash,Oct2004,76
Italy,United Kingdom,FreshFusion Diaper Rash Remedy,Jan2004,93
United Kingdom,Italy,BreatheEasy Inhalant,Jan2004,173
Italy,South Africa,FreshFusion Diaper Rash Remedy,Dec2004,68
Egypt,Australia,SoftStep Shaving Cream,Apr2004,55
Italy,Japan,SparklingGlow Toothpaste,Nov2004,132
India,United Kingdom,SmileShield Whitening Strips,Aug2004,86
Brazil,Egypt,CalmingClean Dog Brush,Jul2004,111
