Country,Product,Month,Quantity
Russia,CleanSkin Acne Treatment,Jan2004,1229
Russia,CleanSkin Acne Treatment,Feb2004,1136
Russia,CleanSkin Acne Treatment,Mar2004,1924
Russia,CleanSkin Acne Treatment,Apr2004,1303
Russia,CleanSkin Acne Treatment,May2004,224
Russia,CleanSkin Acne Treatment,Jun2004,1916
Russia,CleanSkin Acne Treatment,Jul2004,1262
Russia,CleanSkin Acne Treatment,Aug2004,1507
Russia,CleanSkin Acne Treatment,Sep2004,1445
Russia,CleanSkin Acne Treatment,Oct2004,827
Russia,CleanSkin Acne Treatment,Nov2004,1675
Russia,CleanSkin Acne Treatment,Dec2004,1206
Brazil,LuminousLip Care,Jan2004,1070
Brazil,LuminousLip Care,Feb2004,683
Brazil,LuminousLip Care,Mar2004,1823
Brazil,LuminousLip Care,Apr2004,671
Brazil,LuminousLip Care,May2004,1480
Brazil,LuminousLip Care,Jun2004,241
Brazil,LuminousLip Care,Jul2004,1130
Brazil,LuminousLip Care,Aug2004,338
Brazil,LuminousLip Care,Sep2004,201
Brazil,LuminousLip Care,Oct2004,1029
Brazil,LuminousLip Care,Nov2004,403
Brazil,LuminousLip Care,Dec2004,1354
Brazil,LittleLullaby Diaper Liners,Jan2004,1324
Brazil,LittleLullaby Diaper Liners,Feb2004,1837
Brazil,LittleLullaby Diaper Liners,Mar2004,516
Brazil,LittleLullaby Diaper Liners,Apr2004,699
Brazil,LittleLullaby Diaper Liners,May2004,822
Brazil,LittleLullaby Diaper Liners,Jun2004,404
Brazil,LittleLullaby Diaper Liners,Jul2004,1045
Brazil,LittleLullaby Diaper Liners,Aug2004,1457
Brazil,LittleLullaby Diaper Liners,Sep2004,899
Brazil,LittleLullaby Diaper Liners,Oct2004,1882
Brazil,LittleLullaby Diaper Liners,Nov2004,287
Brazil,LittleLullaby Diaper Liners,Dec2004,1183
India,DailyDazzle Toothpaste,Jan2004,268
India,DailyDazzle Toothpaste,Feb2004,1395
India,DailyDazzle Toothpaste,Mar2004,1202
India,DailyDazzle Toothpaste,Apr2004,1204
India,DailyDazzle Toothpaste,May2004,514
India,DailyDazzle Toothpaste,Jun2004,1088
India,DailyDazzle Toothpaste,Jul2004,1610
India,DailyDazzle Toothpaste,Aug2004,1041
India,DailyDazzle Toothpaste,Sep2004,1805
India,DailyDazzle Toothpaste,Oct2004,569
India,DailyDazzle Toothpaste,Nov2004,1343
India,DailyDazzle Toothpaste,Dec2004,1903
Brazil,Hydrating Honey Body Lotion,Jan2004,1544
Brazil,Hydrating Honey Body Lotion,Feb2004,474
Brazil,Hydrating Honey Body Lotion,Mar2004,865
Brazil,Hydrating Honey Body Lotion,Apr2004,1649
Brazil,Hydrating Honey Body Lotion,May2004,1238
Brazil,Hydrating Honey Body Lotion,Jun2004,443
Brazil,Hydrating Honey Body Lotion,Jul2004,1845
Brazil,Hydrating Honey Body Lotion,Aug2004,1082
Brazil,Hydrating Honey Body Lotion,Sep2004,492
Brazil,Hydrating Honey Body Lotion,Oct2004,727
Brazil,Hydrating Honey Body Lotion,Nov2004,1851
Brazil,Hydrating Honey Body Lotion,Dec2004,594
Brazil,SparklingGlow Toothpaste,Jan2004,258
Brazil,SparklingGlow Toothpaste,Feb2004,834
Brazil,SparklingGlow Toothpaste,Mar2004,904
Brazil,SparklingGlow Toothpaste,Apr2004,249
Brazil,SparklingGlow Toothpaste,May2004,467
Brazil,SparklingGlow Toothpaste,Jun2004,1442
Brazil,SparklingGlow Toothpaste,Jul2004,874
Brazil,SparklingGlow Toothpaste,Aug2004,650
Brazil,SparklingGlow Toothpaste,Sep2004,367
Brazil,SparklingGlow Toothpaste,Oct2004,1760
Brazil,SparklingGlow Toothpaste,Nov2004,228
Brazil,SparklingGlow Toothpaste,Dec2004,1693
Russia,FreshFusion All-Purpose Cleaner,Jan2004,853
Russia,FreshFusion All-Purpose Cleaner,Feb2004,1111
Russia,FreshFusion All-Purpose Cleaner,Mar2004,597
Russia,FreshFusion All-Purpose Cleaner,Apr2004,579
Russia,FreshFusion All-Purpose Cleaner,May2004,1448
Russia,FreshFusion All-Purpose Cleaner,Jun2004,1478
Russia,FreshFusion All-Purpose Cleaner,Jul2004,1468
Russia,FreshFusion All-Purpose Cleaner,Aug2004,576
Russia,FreshFusion All-Purpose Cleaner,Sep2004,1101
Russia,FreshFusion All-Purpose Cleaner,Oct2004,1896
Russia,FreshFusion All-Purpose Cleaner,Nov2004,1697
Russia,FreshFusion All-Purpose Cleaner,Dec2004,578
Japan,SoothingSoft Fabric Softener,Jan2004,1733
Japan,SoothingSoft Fabric Softener,Feb2004,881
Japan,SoothingSoft Fabric Softener,Mar2004,563
Japan,SoothingSoft Fabric Softener,Apr2004,957
Japan,SoothingSoft Fabric Softener,May2004,1051
Japan,SoothingSoft Fabric Softener,Jun2004,623
Japan,SoothingSoft Fabric Softener,Jul2004,1720
Japan,SoothingSoft Fabric Softener,Aug2004,1589
Japan,SoothingSoft Fabric Softener,Sep2004,1158
Japan,SoothingSoft Fabric Softener,Oct2004,814
Japan,SoothingSoft Fabric Softener,Nov2004,880
Japan,SoothingSoft Fabric Softener,Dec2004,1329
India,FreshFusion Baby Wipes,Jan2004,725
India,FreshFusion Baby Wipes,Feb2004,946
India,FreshFusion Baby Wipes,Mar2004,822
India,FreshFusion Baby Wipes,Apr2004,1345
India,FreshFusion Baby Wipes,May2004,1178
India,FreshFusion Baby Wipes,Jun2004,1151
India,FreshFusion Baby Wipes,Jul2004,1781
India,FreshFusion Baby Wipes,Aug2004,1519
India,FreshFusion Baby Wipes,Sep2004,394
India,FreshFusion Baby Wipes,Oct2004,1033
India,FreshFusion Baby Wipes,Nov2004,1607
India,FreshFusion Baby Wipes,Dec2004,1498
Brazil,SoothingSoft Fabric Softener,Jan2004,984
Brazil,SoothingSoft Fabric Softener,Feb2004,339
Brazil,SoothingSoft Fabric Softener,Mar2004,1569
Brazil,SoothingSoft Fabric Softener,Apr2004,1912
Brazil,SoothingSoft Fabric Softener,May2004,1307
Brazil,SoothingSoft Fabric Softener,Jun2004,644
Brazil,SoothingSoft Fabric Softener,Jul2004,1597
Brazil,SoothingSoft Fabric Softener,Aug2004,1426
Brazil,SoothingSoft Fabric Softener,Sep2004,393
Brazil,SoothingSoft Fabric Softener,Oct2004,1975
Brazil,SoothingSoft Fabric Softener,Nov2004,1409
Brazil,SoothingSoft Fabric Softener,Dec2004,510
Russia,CleanSkin Acne Treatment,Jan2004,1906
Russia,CleanSkin Acne Treatment,Feb2004,1053
Russia,CleanSkin Acne Treatment,Mar2004,1213
Russia,CleanSkin Acne Treatment,Apr2004,701
Russia,CleanSkin Acne Treatment,May2004,1945
Russia,CleanSkin Acne Treatment,Jun2004,1751
Russia,CleanSkin Acne Treatment,Jul2004,1442
Russia,CleanSkin Acne Treatment,Aug2004,1899
Russia,CleanSkin Acne Treatment,Sep2004,791
Russia,CleanSkin Acne Treatment,Oct2004,1466
Russia,CleanSkin Acne Treatment,Nov2004,694
Russia,CleanSkin Acne Treatment,Dec2004,534
Egypt,PurePaw Dog Shampoo,Jan2004,566
Egypt,PurePaw Dog Shampoo,Feb2004,1457
Egypt,PurePaw Dog Shampoo,Mar2004,1420
Egypt,PurePaw Dog Shampoo,Apr2004,1958
Egypt,PurePaw Dog Shampoo,May2004,645
Egypt,PurePaw Dog Shampoo,Jun2004,301
Egypt,PurePaw Dog Shampoo,Jul2004,644
Egypt,PurePaw Dog Shampoo,Aug2004,1747
Egypt,PurePaw Dog Shampoo,Sep2004,1823
Egypt,PurePaw Dog Shampoo,Oct2004,1655
Egypt,PurePaw Dog Shampoo,Nov2004,777
Egypt,PurePaw Dog Shampoo,Dec2004,200
Brazil,CalmingClean Dog Brush,Jan2004,1369
Brazil,CalmingClean Dog Brush,Feb2004,1275
Brazil,CalmingClean Dog Brush,Mar2004,943
Brazil,CalmingClean Dog Brush,Apr2004,617
Brazil,CalmingClean Dog Brush,May2004,726
Brazil,CalmingClean Dog Brush,Jun2004,1547
Brazil,CalmingClean Dog Brush,Jul2004,1963
Brazil,CalmingClean Dog Brush,Aug2004,1435
Brazil,CalmingClean Dog Brush,Sep2004,1369
Brazil,CalmingClean Dog Brush,Oct2004,407
Brazil,CalmingClean Dog Brush,Nov2004,547
Brazil,CalmingClean Dog Brush,Dec2004,1740
United Kingdom,SmellSational Baby Room Spray,Jan2004,705
United Kingdom,SmellSational Baby Room Spray,Feb2004,584
United Kingdom,SmellSational Baby Room Spray,Mar2004,365
United Kingdom,SmellSational Baby Room Spray,Apr2004,1102
United Kingdom,SmellSational Baby Room Spray,May2004,330
United Kingdom,SmellSational Baby Room Spray,Jun2004,316
United Kingdom,SmellSational Baby Room Spray,Jul2004,1639
United Kingdom,SmellSational Baby Room Spray,Aug2004,886
United Kingdom,SmellSational Baby Room Spray,Sep2004,690
United Kingdom,SmellSational Baby Room Spray,Oct2004,1724
United Kingdom,SmellSational Baby Room Spray,Nov2004,1198
United Kingdom,SmellSational Baby Room Spray,Dec2004,1559
South Africa,SoothingSerenity Humidifier,Jan2004,1436
South Africa,SoothingSerenity Humidifier,Feb2004,1221
South Africa,SoothingSerenity Humidifier,Mar2004,1046
South Africa,SoothingSerenity Humidifier,Apr2004,1189
South Africa,SoothingSerenity Humidifier,May2004,480
South Africa,SoothingSerenity Humidifier,Jun2004,1427
South Africa,SoothingSerenity Humidifier,Jul2004,394
South Africa,SoothingSerenity Humidifier,Aug2004,1807
South Africa,SoothingSerenity Humidifier,Sep2004,594
South Africa,SoothingSerenity Humidifier,Oct2004,682
South Africa,SoothingSerenity Humidifier,Nov2004,762
South Africa,SoothingSerenity Humidifier,Dec2004,1608
Egypt,SparklingClean All-Purpose Cleaner,Jan2004,1453
Egypt,SparklingClean All-Purpose Cleaner,Feb2004,1613
Egypt,SparklingClean All-Purpose Cleaner,Mar2004,683
Egypt,SparklingClean All-Purpose Cleaner,Apr2004,1389
Egypt,SparklingClean All-Purpose Cleaner,May2004,1710
Egypt,SparklingClean All-Purpose Cleaner,Jun2004,581
Egypt,SparklingClean All-Purpose Cleaner,Jul2004,1346
Egypt,SparklingClean All-Purpose Cleaner,Aug2004,404
Egypt,SparklingClean All-Purpose Cleaner,Sep2004,1908
Egypt,SparklingClean All-Purpose Cleaner,Oct2004,1529
Egypt,SparklingClean All-Purpose Cleaner,Nov2004,1215
Egypt,SparklingClean All-Purpose Cleaner,Dec2004,1516
Italy,FreshFusion Diaper Rash Remedy,Jan2004,1059
Italy,FreshFusion Diaper Rash Remedy,Feb2004,913
Italy,FreshFusion Diaper Rash Remedy,Mar2004,1095
Italy,FreshFusion Diaper Rash Remedy,Apr2004,1079
Italy,FreshFusion Diaper Rash Remedy,May2004,236
Italy,FreshFusion Diaper Rash Remedy,Jun2004,1244
Italy,FreshFusion Diaper Rash Remedy,Jul2004,1160
Italy,FreshFusion Diaper Rash Remedy,Aug2004,251
Italy,FreshFusion Diaper Rash Remedy,Sep2004,1261
Italy,FreshFusion Diaper Rash Remedy,Oct2004,1592
Italy,FreshFusion Diaper Rash Remedy,Nov2004,802
Italy,FreshFusion Diaper Rash Remedy,Dec2004,676
Australia,MorningMint,Jan2004,1102
Australia,MorningMint,Feb2004,205
Australia,MorningMint,Mar2004,486
Australia,MorningMint,Apr2004,1469
Australia,MorningMint,May2004,1701
Australia,MorningMint,Jun2004,1022
Australia,MorningMint,Jul2004,1835
Australia,MorningMint,Aug2004,1783
Australia,MorningMint,Sep2004,1925
Australia,MorningMint,Oct2004,1195
Australia,MorningMint,Nov2004,1638
Australia,MorningMint,Dec2004,1696
United Kingdom,BreatheEasy Inhalant,Jan2004,1966
United Kingdom,BreatheEasy Inhalant,Feb2004,1836
United Kingdom,BreatheEasy Inhalant,Mar2004,734
United Kingdom,BreatheEasy Inhalant,Apr2004,1514
United Kingdom,BreatheEasy Inhalant,May2004,200
United Kingdom,BreatheEasy Inhalant,Jun2004,1930
United Kingdom,BreatheEasy Inhalant,Jul2004,283
United Kingdom,BreatheEasy Inhalant,Aug2004,1998
United Kingdom,BreatheEasy Inhalant,Sep2004,1112
United Kingdom,BreatheEasy Inhalant,Oct2004,1850
United Kingdom,BreatheEasy Inhalant,Nov2004,207
United Kingdom,BreatheEasy Inhalant,Dec2004,1054
South Africa,RadiantRinse Color Protector,Jan2004,997
South Africa,RadiantRinse Color Protector,Feb2004,1804
South Africa,RadiantRinse Color Protector,Mar2004,1620
South Africa,RadiantRinse Color Protector,Apr2004,700
South Africa,RadiantRinse Color Protector,May2004,1876
South Africa,RadiantRinse Color Protector,Jun2004,1843
South Africa,RadiantRinse Color Protector,Jul2004,978
South Africa,RadiantRinse Color Protector,Aug2004,588
South Africa,RadiantRinse Color Protector,Sep2004,1229
South Africa,RadiantRinse Color Protector,Oct2004,616
South Africa,RadiantRinse Color Protector,Nov2004,378
South Africa,RadiantRinse Color Protector,Dec2004,1977
Australia,SmellSational Intimate Spray,Jan2004,1126
Australia,SmellSational Intimate Spray,Feb2004,338
Australia,SmellSational Intimate Spray,Mar2004,1096
Australia,SmellSational Intimate Spray,Apr2004,1319
Australia,SmellSational Intimate Spray,May2004,815
Australia,SmellSational Intimate Spray,Jun2004,1751
Australia,SmellSational Intimate Spray,Jul2004,1265
Australia,SmellSational Intimate Spray,Aug2004,1781
Australia,SmellSational Intimate Spray,Sep2004,1855
Australia,SmellSational Intimate Spray,Oct2004,1520
Australia,SmellSational Intimate Spray,Nov2004,1185
Australia,SmellSational Intimate Spray,Dec2004,398
Russia,MorningBreeze Gum Care,Jan2004,1120
Russia,MorningBreeze Gum Care,Feb2004,1980
Russia,MorningBreeze Gum Care,Mar2004,710
Russia,MorningBreeze Gum Care,Apr2004,820
Russia,MorningBreeze Gum Care,May2004,1495
Russia,MorningBreeze Gum Care,Jun2004,1594
Russia,MorningBreeze Gum Care,Jul2004,1933
Russia,MorningBreeze Gum Care,Aug2004,1942
Russia,MorningBreeze Gum Care,Sep2004,1420
Russia,MorningBreeze Gum Care,Oct2004,768
Russia,MorningBreeze Gum Care,Nov2004,921
Russia,MorningBreeze Gum Care,Dec2004,1584
South Africa,Purezza Body Wash,Jan2004,898
South Africa,Purezza Body Wash,Feb2004,1699
South Africa,Purezza Body Wash,Mar2004,1659
South Africa,Purezza Body Wash,Apr2004,336
South Africa,Purezza Body Wash,May2004,1032
South Africa,Purezza Body Wash,Jun2004,1765
South Africa,Purezza Body Wash,Jul2004,1798
South Africa,Purezza Body Wash,Aug2004,993
South Africa,Purezza Body Wash,Sep2004,1813
South Africa,Purezza Body Wash,Oct2004,1331
South Africa,Purezza Body Wash,Nov2004,644
South Africa,Purezza Body Wash,Dec2004,956
Egypt,MorningBreeze Gum Care,Jan2004,984
Egypt,MorningBreeze Gum Care,Feb2004,700
Egypt,MorningBreeze Gum Care,Mar2004,764
Egypt,MorningBreeze Gum Care,Apr2004,1871
Egypt,MorningBreeze Gum Care,May2004,1830
Egypt,MorningBreeze Gum Care,Jun2004,1464
Egypt,MorningBreeze Gum Care,Jul2004,1107
Egypt,MorningBreeze Gum Care,Aug2004,958
Egypt,MorningBreeze Gum Care,Sep2004,1139
Egypt,MorningBreeze Gum Care,Oct2004,1830
Egypt,MorningBreeze Gum Care,Nov2004,312
Egypt,MorningBreeze Gum Care,Dec2004,652
Egypt,HydraHydrate Hand Cream,Jan2004,1537
Egypt,HydraHydrate Hand Cream,Feb2004,254
Egypt,HydraHydrate Hand Cream,Mar2004,740
Egypt,HydraHydrate Hand Cream,Apr2004,1291
Egypt,HydraHydrate Hand Cream,May2004,364
Egypt,HydraHydrate Hand Cream,Jun2004,1627
Egypt,HydraHydrate Hand Cream,Jul2004,610
Egypt,HydraHydrate Hand Cream,Aug2004,525
Egypt,HydraHydrate Hand Cream,Sep2004,754
Egypt,HydraHydrate Hand Cream,Oct2004,965
Egypt,HydraHydrate Hand Cream,Nov2004,232
Egypt,HydraHydrate Hand Cream,Dec2004,1058
Brazil,SoothingSerenity Hand Sanitizer,Jan2004,588
Brazil,SoothingSerenity Hand Sanitizer,Feb2004,1208
Brazil,SoothingSerenity Hand Sanitizer,Mar2004,1838
Brazil,SoothingSerenity Hand Sanitizer,Apr2004,1134
Brazil,SoothingSerenity Hand Sanitizer,May2004,1247
Brazil,SoothingSerenity Hand Sanitizer,Jun2004,404
Brazil,SoothingSerenity Hand Sanitizer,Jul2004,350
Brazil,SoothingSerenity Hand Sanitizer,Aug2004,1121
Brazil,SoothingSerenity Hand Sanitizer,Sep2004,1261
Brazil,SoothingSerenity Hand Sanitizer,Oct2004,1075
Brazil,SoothingSerenity Hand Sanitizer,Nov2004,1173
Brazil,SoothingSerenity Hand Sanitizer,Dec2004,437
Russia,PurePore Insect Repellent Spray,Jan2004,1518
Russia,PurePore Insect Repellent Spray,Feb2004,710
Russia,PurePore Insect Repellent Spray,Mar2004,1078
Russia,PurePore Insect Repellent Spray,Apr2004,1385
Russia,PurePore Insect Repellent Spray,May2004,1214
Russia,PurePore Insect Repellent Spray,Jun2004,590
Russia,PurePore Insect Repellent Spray,Jul2004,478
Russia,PurePore Insect Repellent Spray,Aug2004,1347
Russia,PurePore Insect Repellent Spray,Sep2004,607
Russia,PurePore Insect Repellent Spray,Oct2004,681
Russia,PurePore Insect Repellent Spray,Nov2004,1269
Russia,PurePore Insect Repellent Spray,Dec2004,322
India,CalmingClean Bath Time Wash,Jan2004,1100
India,CalmingClean Bath Time Wash,Feb2004,1576
India,CalmingClean Bath Time Wash,Mar2004,289
India,CalmingClean Bath Time Wash,Apr2004,1216
India,CalmingClean Bath Time Wash,May2004,1192
India,CalmingClean Bath Time Wash,Jun2004,1780
India,CalmingClean Bath Time Wash,Jul2004,649
India,CalmingClean Bath Time Wash,Aug2004,220
India,CalmingClean Bath Time Wash,Sep2004,1487
India,CalmingClean Bath Time Wash,Oct2004,414
India,CalmingClean Bath Time Wash,Nov2004,1759
India,CalmingClean Bath Time Wash,Dec2004,306
Brazil,LittleLullaby Diaper Liners,Jan2004,757
Brazil,LittleLullaby Diaper Liners,Feb2004,1398
Brazil,LittleLullaby Diaper Liners,Mar2004,364
Brazil,LittleLullaby Diaper Liners,Apr2004,1916
Brazil,LittleLullaby Diaper Liners,May2004,1597
Brazil,LittleLullaby Diaper Liners,Jun2004,1902
Brazil,LittleLullaby Diaper Liners,Jul2004,816
Brazil,LittleLullaby Diaper Liners,Aug2004,749
Brazil,LittleLullaby Diaper Liners,Sep2004,1789
Brazil,LittleLullaby Diaper Liners,Oct2004,1957
Brazil,LittleLullaby Diaper Liners,Nov2004,1727
Brazil,LittleLullaby Diaper Liners,Dec2004,1034
United Kingdom,HydraHydrate Hand Cream,Jan2004,1695
United Kingdom,HydraHydrate Hand Cream,Feb2004,1496
United Kingdom,HydraHydrate Hand Cream,Mar2004,1499
United Kingdom,HydraHydrate Hand Cream,Apr2004,1574
United Kingdom,HydraHydrate Hand Cream,May2004,1237
United Kingdom,HydraHydrate Hand Cream,Jun2004,1569
United Kingdom,HydraHydrate Hand Cream,Jul2004,933
United Kingdom,HydraHydrate Hand Cream,Aug2004,1210
United Kingdom,HydraHydrate Hand Cream,Sep2004,1519
United Kingdom,HydraHydrate Hand Cream,Oct2004,959
United Kingdom,HydraHydrate Hand Cream,Nov2004,766
United Kingdom,HydraHydrate Hand Cream,Dec2004,1600
India,SparklingClean All-Purpose Cleaner,Jan2004,1137
India,SparklingClean All-Purpose Cleaner,Feb2004,1611
India,SparklingClean All-Purpose Cleaner,Mar2004,1217
India,SparklingClean All-Purpose Cleaner,Apr2004,1589
India,SparklingClean All-Purpose Cleaner,May2004,518
India,SparklingClean All-Purpose Cleaner,Jun2004,1607
India,SparklingClean All-Purpose Cleaner,Jul2004,1009
India,SparklingClean All-Purpose Cleaner,Aug2004,304
India,SparklingClean All-Purpose Cleaner,Sep2004,1698
India,SparklingClean All-Purpose Cleaner,Oct2004,1463
India,SparklingClean All-Purpose Cleaner,Nov2004,384
India,SparklingClean All-Purpose Cleaner,Dec2004,904
South Africa,EasyWash Pet Laundry Detergent,Jan2004,829
South Africa,EasyWash Pet Laundry Detergent,Feb2004,1092
South Africa,EasyWash Pet Laundry Detergent,Mar2004,881
South Africa,EasyWash Pet Laundry Detergent,Apr2004,1081
South Africa,EasyWash Pet Laundry Detergent,May2004,599
South Africa,EasyWash Pet Laundry Detergent,Jun2004,561
South Africa,EasyWash Pet Laundry Detergent,Jul2004,1704
South Africa,EasyWash Pet Laundry Detergent,Aug2004,1191
South Africa,EasyWash Pet Laundry Detergent,Sep2004,1927
South Africa,EasyWash Pet Laundry Detergent,Oct2004,1743
South Africa,EasyWash Pet Laundry Detergent,Nov2004,880
South Africa,EasyWash Pet Laundry Detergent,Dec2004,1004
United Kingdom,SilkySkin Baby Moisturizer,Jan2004,1585
United Kingdom,SilkySkin Baby Moisturizer,Feb2004,991
United Kingdom,SilkySkin Baby Moisturizer,Mar2004,1167
United Kingdom,SilkySkin Baby Moisturizer,Apr2004,273
United Kingdom,SilkySkin Baby Moisturizer,May2004,656
United Kingdom,SilkySkin Baby Moisturizer,Jun2004,1799
United Kingdom,SilkySkin Baby Moisturizer,Jul2004,858
United Kingdom,SilkySkin Baby Moisturizer,Aug2004,972
United Kingdom,SilkySkin Baby Moisturizer,Sep2004,886
United Kingdom,SilkySkin Baby Moisturizer,Oct2004,1161
United Kingdom,SilkySkin Baby Moisturizer,Nov2004,802
United Kingdom,SilkySkin Baby Moisturizer,Dec2004,1619
Australia,OralEase Gel,Jan2004,1949
Australia,OralEase Gel,Feb2004,893
Australia,OralEase Gel,Mar2004,1797
Australia,OralEase Gel,Apr2004,1098
Australia,OralEase Gel,May2004,1423
Australia,OralEase Gel,Jun2004,1811
Australia,OralEase Gel,Jul2004,1932
Australia,OralEase Gel,Aug2004,923
Australia,OralEase Gel,Sep2004,789
Australia,OralEase Gel,Oct2004,519
Australia,OralEase Gel,Nov2004,1835
Australia,OralEase Gel,Dec2004,1287
Italy,FreshFusion Diaper Rash Remedy,Jan2004,1493
Italy,FreshFusion Diaper Rash Remedy,Feb2004,1128
Italy,FreshFusion Diaper Rash Remedy,Mar2004,611
Italy,FreshFusion Diaper Rash Remedy,Apr2004,473
Italy,FreshFusion Diaper Rash Remedy,May2004,1516
Italy,FreshFusion Diaper Rash Remedy,Jun2004,351
Italy,FreshFusion Diaper Rash Remedy,Jul2004,1907
Italy,FreshFusion Diaper Rash Remedy,Aug2004,214
Italy,FreshFusion Diaper Rash Remedy,Sep2004,1618
Italy,FreshFusion Diaper Rash Remedy,Oct2004,1621
Italy,FreshFusion Diaper Rash Remedy,Nov2004,416
Italy,FreshFusion Diaper Rash Remedy,Dec2004,1737
Egypt,FreshFusion Hair Mask,Jan2004,509
Egypt,FreshFusion Hair Mask,Feb2004,1319
Egypt,FreshFusion Hair Mask,Mar2004,273
Egypt,FreshFusion Hair Mask,Apr2004,1421
Egypt,FreshFusion Hair Mask,May2004,1660
Egypt,FreshFusion Hair Mask,Jun2004,706
Egypt,FreshFusion Hair Mask,Jul2004,1514
Egypt,FreshFusion Hair Mask,Aug2004,817
Egypt,FreshFusion Hair Mask,Sep2004,829
Egypt,FreshFusion Hair Mask,Oct2004,1081
Egypt,FreshFusion Hair Mask,Nov2004,540
Egypt,FreshFusion Hair Mask,Dec2004,1804
South Africa,HydraHydrate Hand Cream,Jan2004,886
South Africa,HydraHydrate Hand Cream,Feb2004,1197
South Africa,HydraHydrate Hand Cream,Mar2004,1473
South Africa,HydraHydrate Hand Cream,Apr2004,1645
South Africa,HydraHydrate Hand Cream,May2004,414
South Africa,HydraHydrate Hand Cream,Jun2004,1434
South Africa,HydraHydrate Hand Cream,Jul2004,1886
South Africa,HydraHydrate Hand Cream,Aug2004,813
South Africa,HydraHydrate Hand Cream,Sep2004,1263
South Africa,HydraHydrate Hand Cream,Oct2004,1228
South Africa,HydraHydrate Hand Cream,Nov2004,201
South Africa,HydraHydrate Hand Cream,Dec2004,923
Australia,DentalDefense Toothpaste,Jan2004,620
Australia,DentalDefense Toothpaste,Feb2004,1517
Australia,DentalDefense Toothpaste,Mar2004,1212
Australia,DentalDefense Toothpaste,Apr2004,1654
Australia,DentalDefense Toothpaste,May2004,1205
Australia,DentalDefense Toothpaste,Jun2004,638
Australia,DentalDefense Toothpaste,Jul2004,332
Australia,DentalDefense Toothpaste,Aug2004,997
Australia,DentalDefense Toothpaste,Sep2004,907
Australia,DentalDefense Toothpaste,Oct2004,1440
Australia,DentalDefense Toothpaste,Nov2004,267
Australia,DentalDefense Toothpaste,Dec2004,1585
Egypt,BrightBreeze Window Cleaner,Jan2004,793
Egypt,BrightBreeze Window Cleaner,Feb2004,1137
Egypt,BrightBreeze Window Cleaner,Mar2004,613
Egypt,BrightBreeze Window Cleaner,Apr2004,668
Egypt,BrightBreeze Window Cleaner,May2004,222
Egypt,BrightBreeze Window Cleaner,Jun2004,1291
Egypt,BrightBreeze Window Cleaner,Jul2004,1600
Egypt,BrightBreeze Window Cleaner,Aug2004,1327
Egypt,BrightBreeze Window Cleaner,Sep2004,1668
Egypt,BrightBreeze Window Cleaner,Oct2004,1118
Egypt,BrightBreeze Window Cleaner,Nov2004,422
Egypt,BrightBreeze Window Cleaner,Dec2004,423
South Africa,FreshFusion Diaper Rash Remedy,Jan2004,1300
South Africa,FreshFusion Diaper Rash Remedy,Feb2004,1635
South Africa,FreshFusion Diaper Rash Remedy,Mar2004,816
South Africa,FreshFusion Diaper Rash Remedy,Apr2004,1471
South Africa,FreshFusion Diaper Rash Remedy,May2004,985
South Africa,FreshFusion Diaper Rash Remedy,Jun2004,1226
South Africa,FreshFusion Diaper Rash Remedy,Jul2004,778
South Africa,FreshFusion Diaper Rash Remedy,Aug2004,968
South Africa,FreshFusion Diaper Rash Remedy,Sep2004,442
South Africa,FreshFusion Diaper Rash Remedy,Oct2004,1494
South Africa,FreshFusion Diaper Rash Remedy,Nov2004,909
South Africa,FreshFusion Diaper Rash Remedy,Dec2004,1386
Italy,SparklingGlow Toothpaste,Jan2004,611
Italy,SparklingGlow Toothpaste,Feb2004,1672
Italy,SparklingGlow Toothpaste,Mar2004,516
Italy,SparklingGlow Toothpaste,Apr2004,1055
Italy,SparklingGlow Toothpaste,May2004,1655
Italy,SparklingGlow Toothpaste,Jun2004,330
Italy,SparklingGlow Toothpaste,Jul2004,356
Italy,SparklingGlow Toothpaste,Aug2004,1359
Italy,SparklingGlow Toothpaste,Sep2004,1093
Italy,SparklingGlow Toothpaste,Oct2004,717
Italy,SparklingGlow Toothpaste,Nov2004,1254
Italy,SparklingGlow Toothpaste,Dec2004,987
Italy,FreshFusion Baby Wipes,Jan2004,1041
Italy,FreshFusion Baby Wipes,Feb2004,991
Italy,FreshFusion Baby Wipes,Mar2004,815
Italy,FreshFusion Baby Wipes,Apr2004,1030
Italy,FreshFusion Baby Wipes,May2004,586
Italy,FreshFusion Baby Wipes,Jun2004,1746
Italy,FreshFusion Baby Wipes,Jul2004,1092
Italy,FreshFusion Baby Wipes,Aug2004,1089
Italy,FreshFusion Baby Wipes,Sep2004,1626
Italy,FreshFusion Baby Wipes,Oct2004,1462
Italy,FreshFusion Baby Wipes,Nov2004,837
Italy,FreshFusion Baby Wipes,Dec2004,1252
India,SparklingSmile Water Flosser,Jan2004,440
India,SparklingSmile Water Flosser,Feb2004,555
India,SparklingSmile Water Flosser,Mar2004,737
India,SparklingSmile Water Flosser,Apr2004,888
India,SparklingSmile Water Flosser,May2004,625
India,SparklingSmile Water Flosser,Jun2004,1359
India,SparklingSmile Water Flosser,Jul2004,873
India,SparklingSmile Water Flosser,Aug2004,673
India,SparklingSmile Water Flosser,Sep2004,1416
India,SparklingSmile Water Flosser,Oct2004,766
India,SparklingSmile Water Flosser,Nov2004,1357
India,SparklingSmile Water Flosser,Dec2004,596
United Kingdom,GentleGlow Dish Soap,Jan2004,1443
United Kingdom,GentleGlow Dish Soap,Feb2004,1743
United Kingdom,GentleGlow Dish Soap,Mar2004,415
United Kingdom,GentleGlow Dish Soap,Apr2004,1914
United Kingdom,GentleGlow Dish Soap,May2004,1675
United Kingdom,GentleGlow Dish Soap,Jun2004,501
United Kingdom,GentleGlow Dish Soap,Jul2004,1260
United Kingdom,GentleGlow Dish Soap,Aug2004,1032
United Kingdom,GentleGlow Dish Soap,Sep2004,741
United Kingdom,GentleGlow Dish Soap,Oct2004,792
United Kingdom,GentleGlow Dish Soap,Nov2004,820
United Kingdom,GentleGlow Dish Soap,Dec2004,1567
India,SilkySkin Baby Cream,Jan2004,230
India,SilkySkin Baby Cream,Feb2004,755
India,SilkySkin Baby Cream,Mar2004,659
India,SilkySkin Baby Cream,Apr2004,1616
India,SilkySkin Baby Cream,May2004,922
India,SilkySkin Baby Cream,Jun2004,714
India,SilkySkin Baby Cream,Jul2004,318
India,SilkySkin Baby Cream,Aug2004,1311
India,SilkySkin Baby Cream,Sep2004,522
India,SilkySkin Baby Cream,Oct2004,676
India,SilkySkin Baby Cream,Nov2004,1703
India,SilkySkin Baby Cream,Dec2004,1398
Egypt,SoftStep Shaving Cream,Jan2004,1345
Egypt,SoftStep Shaving Cream,Feb2004,1757
Egypt,SoftStep Shaving Cream,Mar2004,474
Egypt,SoftStep Shaving Cream,Apr2004,1784
Egypt,SoftStep Shaving Cream,May2004,256
Egypt,SoftStep Shaving Cream,Jun2004,459
Egypt,SoftStep Shaving Cream,Jul2004,929
Egypt,SoftStep Shaving Cream,Aug2004,525
Egypt,SoftStep Shaving Cream,Sep2004,568
Egypt,SoftStep Shaving Cream,Oct2004,411
Egypt,SoftStep Shaving Cream,Nov2004,1037
Egypt,SoftStep Shaving Cream,Dec2004,646
Russia,FreshStart Toothpaste,Jan2004,1932
Russia,FreshStart Toothpaste,Feb2004,1458
Russia,FreshStart Toothpaste,Mar2004,1343
Russia,FreshStart Toothpaste,Apr2004,918
Russia,FreshStart Toothpaste,May2004,1722
Russia,FreshStart Toothpaste,Jun2004,1063
Russia,FreshStart Toothpaste,Jul2004,460
Russia,FreshStart Toothpaste,Aug2004,1634
Russia,FreshStart Toothpaste,Sep2004,752
Russia,FreshStart Toothpaste,Oct2004,513
Russia,FreshStart Toothpaste,Nov2004,1415
Russia,FreshStart Toothpaste,Dec2004,1066
India,SmellSational Odor Eliminator,Jan2004,1745
India,SmellSational Odor Eliminator,Feb2004,460
India,SmellSational Odor Eliminator,Mar2004,754
India,SmellSational Odor Eliminator,Apr2004,1652
India,SmellSational Odor Eliminator,May2004,1194
India,SmellSational Odor Eliminator,Jun2004,1523
India,SmellSational Odor Eliminator,Jul2004,1547
India,SmellSational Odor Eliminator,Aug2004,426
India,SmellSational Odor Eliminator,Sep2004,505
India,SmellSational Odor Eliminator,Oct2004,470
India,SmellSational Odor Eliminator,Nov2004,536
India,SmellSational Odor Eliminator,Dec2004,1098
South Africa,PurePore Baby Skincare Set,Jan2004,647
South Africa,PurePore Baby Skincare Set,Feb2004,1212
South Africa,PurePore Baby Skincare Set,Mar2004,595
South Africa,PurePore Baby Skincare Set,Apr2004,1122
South Africa,PurePore Baby Skincare Set,May2004,1858
South Africa,PurePore Baby Skincare Set,Jun2004,1338
South Africa,PurePore Baby Skincare Set,Jul2004,1664
South Africa,PurePore Baby Skincare Set,Aug2004,1163
South Africa,PurePore Baby Skincare Set,Sep2004,936
South Africa,PurePore Baby Skincare Set,Oct2004,846
South Africa,PurePore Baby Skincare Set,Nov2004,1391
South Africa,PurePore Baby Skincare Set,Dec2004,940
Australia,SmileSavvy Tooth Whitening Kit,Jan2004,1137
Australia,SmileSavvy Tooth Whitening Kit,Feb2004,1637
Australia,SmileSavvy Tooth Whitening Kit,Mar2004,1677
Australia,SmileSavvy Tooth Whitening Kit,Apr2004,790
Australia,SmileSavvy Tooth Whitening Kit,May2004,541
Australia,SmileSavvy Tooth Whitening Kit,Jun2004,1549
Australia,SmileSavvy Tooth Whitening Kit,Jul2004,586
Australia,SmileSavvy Tooth Whitening Kit,Aug2004,1757
Australia,SmileSavvy Tooth Whitening Kit,Sep2004,1841
Australia,SmileSavvy Tooth Whitening Kit,Oct2004,1159
Australia,SmileSavvy Tooth Whitening Kit,Nov2004,694
Australia,SmileSavvy Tooth Whitening Kit,Dec2004,831
India,RadiantRose Baby Massage Oil,Jan2004,378
India,RadiantRose Baby Massage Oil,Feb2004,798
India,RadiantRose Baby Massage Oil,Mar2004,1342
India,RadiantRose Baby Massage Oil,Apr2004,760
India,RadiantRose Baby Massage Oil,May2004,1811
India,RadiantRose Baby Massage Oil,Jun2004,228
India,RadiantRose Baby Massage Oil,Jul2004,797
India,RadiantRose Baby Massage Oil,Aug2004,1664
India,RadiantRose Baby Massage Oil,Sep2004,737
India,RadiantRose Baby Massage Oil,Oct2004,279
India,RadiantRose Baby Massage Oil,Nov2004,1203
India,RadiantRose Baby Massage Oil,Dec2004,387
Brazil,OralEase Plus Toothbrush,Jan2004,342
Brazil,OralEase Plus Toothbrush,Feb2004,1283
Brazil,OralEase Plus Toothbrush,Mar2004,387
Brazil,OralEase Plus Toothbrush,Apr2004,282
Brazil,OralEase Plus Toothbrush,May2004,521
Brazil,OralEase Plus Toothbrush,Jun2004,1857
Brazil,OralEase Plus Toothbrush,Jul2004,1797
Brazil,OralEase Plus Toothbrush,Aug2004,1018
Brazil,OralEase Plus Toothbrush,Sep2004,1785
Brazil,OralEase Plus Toothbrush,Oct2004,1561
Brazil,OralEase Plus Toothbrush,Nov2004,1510
Brazil,OralEase Plus Toothbrush,Dec2004,260
Australia,SoothingSerenity Scalp Treatment,Jan2004,557
Australia,SoothingSerenity Scalp Treatment,Feb2004,1262
Australia,SoothingSerenity Scalp Treatment,Mar2004,1576
Australia,SoothingSerenity Scalp Treatment,Apr2004,827
Australia,SoothingSerenity Scalp Treatment,May2004,754
Australia,SoothingSerenity Scalp Treatment,Jun2004,1915
Australia,SoothingSerenity Scalp Treatment,Jul2004,1798
Australia,SoothingSerenity Scalp Treatment,Aug2004,1070
Australia,SoothingSerenity Scalp Treatment,Sep2004,1846
Australia,SoothingSerenity Scalp Treatment,Oct2004,1509
Australia,SoothingSerenity Scalp Treatment,Nov2004,1906
Australia,SoothingSerenity Scalp Treatment,Dec2004,1985
Russia,MorningMist Deodorant,Jan2004,1299
Russia,MorningMist Deodorant,Feb2004,318
Russia,MorningMist Deodorant,Mar2004,517
Russia,MorningMist Deodorant,Apr2004,1995
Russia,MorningMist Deodorant,May2004,1359
Russia,MorningMist Deodorant,Jun2004,975
Russia,MorningMist Deodorant,Jul2004,1231
Russia,MorningMist Deodorant,Aug2004,1357
Russia,MorningMist Deodorant,Sep2004,454
Russia,MorningMist Deodorant,Oct2004,1344
Russia,MorningMist Deodorant,Nov2004,984
Russia,MorningMist Deodorant,Dec2004,309
India,CleanSlate Stain Remover,Jan2004,1476
India,CleanSlate Stain Remover,Feb2004,1730
India,CleanSlate Stain Remover,Mar2004,1202
India,CleanSlate Stain Remover,Apr2004,464
India,CleanSlate Stain Remover,May2004,639
India,CleanSlate Stain Remover,Jun2004,1618
India,CleanSlate Stain Remover,Jul2004,960
India,CleanSlate Stain Remover,Aug2004,1865
India,CleanSlate Stain Remover,Sep2004,1751
India,CleanSlate Stain Remover,Oct2004,1369
India,CleanSlate Stain Remover,Nov2004,1721
India,CleanSlate Stain Remover,Dec2004,497
France,BrightBreeze Baby Sunscreen Stick,Jan2004,1065
France,BrightBreeze Baby Sunscreen Stick,Feb2004,1085
France,BrightBreeze Baby Sunscreen Stick,Mar2004,773
France,BrightBreeze Baby Sunscreen Stick,Apr2004,995
France,BrightBreeze Baby Sunscreen Stick,May2004,1202
France,BrightBreeze Baby Sunscreen Stick,Jun2004,462
France,BrightBreeze Baby Sunscreen Stick,Jul2004,312
France,BrightBreeze Baby Sunscreen Stick,Aug2004,1139
France,BrightBreeze Baby Sunscreen Stick,Sep2004,1124
France,BrightBreeze Baby Sunscreen Stick,Oct2004,1650
France,BrightBreeze Baby Sunscreen Stick,Nov2004,1322
France,BrightBreeze Baby Sunscreen Stick,Dec2004,442
United Kingdom,EasyWash Pet Laundry Detergent,Jan2004,1394
United Kingdom,EasyWash Pet Laundry Detergent,Feb2004,1965
United Kingdom,EasyWash Pet Laundry Detergent,Mar2004,1676
United Kingdom,EasyWash Pet Laundry Detergent,Apr2004,1718
United Kingdom,EasyWash Pet Laundry Detergent,May2004,1549
United Kingdom,EasyWash Pet Laundry Detergent,Jun2004,1588
United Kingdom,EasyWash Pet Laundry Detergent,Jul2004,1567
United Kingdom,EasyWash Pet Laundry Detergent,Aug2004,1903
United Kingdom,EasyWash Pet Laundry Detergent,Sep2004,1050
United Kingdom,EasyWash Pet Laundry Detergent,Oct2004,1636
United Kingdom,EasyWash Pet Laundry Detergent,Nov2004,1054
United Kingdom,EasyWash Pet Laundry Detergent,Dec2004,1119
Australia,CleanSmile Floss Picks,Jan2004,491
Australia,CleanSmile Floss Picks,Feb2004,1136
Australia,CleanSmile Floss Picks,Mar2004,718
Australia,CleanSmile Floss Picks,Apr2004,1460
Australia,CleanSmile Floss Picks,May2004,811
Australia,CleanSmile Floss Picks,Jun2004,1687
Australia,CleanSmile Floss Picks,Jul2004,1764
Australia,CleanSmile Floss Picks,Aug2004,638
Australia,CleanSmile Floss Picks,Sep2004,1016
Australia,CleanSmile Floss Picks,Oct2004,491
Australia,CleanSmile Floss Picks,Nov2004,1084
Australia,CleanSmile Floss Picks,Dec2004,566
France,CalmingClean Bath Time Wash,Jan2004,1336
France,CalmingClean Bath Time Wash,Feb2004,1804
France,CalmingClean Bath Time Wash,Mar2004,1839
France,CalmingClean Bath Time Wash,Apr2004,404
France,CalmingClean Bath Time Wash,May2004,1654
France,CalmingClean Bath Time Wash,Jun2004,1740
France,CalmingClean Bath Time Wash,Jul2004,568
France,CalmingClean Bath Time Wash,Aug2004,941
France,CalmingClean Bath Time Wash,Sep2004,1706
France,CalmingClean Bath Time Wash,Oct2004,1334
France,CalmingClean Bath Time Wash,Nov2004,238
France,CalmingClean Bath Time Wash,Dec2004,1414
France,SunShield SPF 50 Lotion,Jan2004,1458
France,SunShield SPF 50 Lotion,Feb2004,931
France,SunShield SPF 50 Lotion,Mar2004,915
France,SunShield SPF 50 Lotion,Apr2004,1242
France,SunShield SPF 50 Lotion,May2004,305
France,SunShield SPF 50 Lotion,Jun2004,1921
France,SunShield SPF 50 Lotion,Jul2004,1721
France,SunShield SPF 50 Lotion,Aug2004,847
France,SunShield SPF 50 Lotion,Sep2004,1202
France,SunShield SPF 50 Lotion,Oct2004,499
France,SunShield SPF 50 Lotion,Nov2004,1263
France,SunShield SPF 50 Lotion,Dec2004,1559
Australia,FreshFold Fabric Refresher,Jan2004,827
Australia,FreshFold Fabric Refresher,Feb2004,332
Australia,FreshFold Fabric Refresher,Mar2004,993
Australia,FreshFold Fabric Refresher,Apr2004,625
Australia,FreshFold Fabric Refresher,May2004,1035
Australia,FreshFold Fabric Refresher,Jun2004,1884
Australia,FreshFold Fabric Refresher,Jul2004,1453
Australia,FreshFold Fabric Refresher,Aug2004,1217
Australia,FreshFold Fabric Refresher,Sep2004,1739
Australia,FreshFold Fabric Refresher,Oct2004,274
Australia,FreshFold Fabric Refresher,Nov2004,781
Australia,FreshFold Fabric Refresher,Dec2004,1745
Brazil,Exfoliating Essentials Scrub,Jan2004,1325
Brazil,Exfoliating Essentials Scrub,Feb2004,1240
Brazil,Exfoliating Essentials Scrub,Mar2004,902
Brazil,Exfoliating Essentials Scrub,Apr2004,1705
Brazil,Exfoliating Essentials Scrub,May2004,537
Brazil,Exfoliating Essentials Scrub,Jun2004,1420
Brazil,Exfoliating Essentials Scrub,Jul2004,1487
Brazil,Exfoliating Essentials Scrub,Aug2004,1264
Brazil,Exfoliating Essentials Scrub,Sep2004,991
Brazil,Exfoliating Essentials Scrub,Oct2004,1815
Brazil,Exfoliating Essentials Scrub,Nov2004,1579
Brazil,Exfoliating Essentials Scrub,Dec2004,1783
Italy,EasyWash Laundry Detergent,Jan2004,357
Italy,EasyWash Laundry Detergent,Feb2004,483
Italy,EasyWash Laundry Detergent,Mar2004,1074
Italy,EasyWash Laundry Detergent,Apr2004,870
Italy,EasyWash Laundry Detergent,May2004,1396
Italy,EasyWash Laundry Detergent,Jun2004,248
Italy,EasyWash Laundry Detergent,Jul2004,1980
Italy,EasyWash Laundry Detergent,Aug2004,307
Italy,EasyWash Laundry Detergent,Sep2004,1584
Italy,EasyWash Laundry Detergent,Oct2004,1265
Italy,EasyWash Laundry Detergent,Nov2004,670
Italy,EasyWash Laundry Detergent,Dec2004,426
Egypt,RadiantRose Baby Massage Oil,Jan2004,1094
Egypt,RadiantRose Baby Massage Oil,Feb2004,1538
Egypt,RadiantRose Baby Massage Oil,Mar2004,1873
Egypt,RadiantRose Baby Massage Oil,Apr2004,1312
Egypt,RadiantRose Baby Massage Oil,May2004,1713
Egypt,RadiantRose Baby Massage Oil,Jun2004,1444
Egypt,RadiantRose Baby Massage Oil,Jul2004,1920
Egypt,RadiantRose Baby Massage Oil,Aug2004,991
Egypt,RadiantRose Baby Massage Oil,Sep2004,1960
Egypt,RadiantRose Baby Massage Oil,Oct2004,1466
Egypt,RadiantRose Baby Massage Oil,Nov2004,223
Egypt,RadiantRose Baby Massage Oil,Dec2004,330
Brazil,BrightBreeze Baby Sunscreen Stick,Jan2004,544
Brazil,BrightBreeze Baby Sunscreen Stick,Feb2004,1508
Brazil,BrightBreeze Baby Sunscreen Stick,Mar2004,1521
Brazil,BrightBreeze Baby Sunscreen Stick,Apr2004,1989
Brazil,BrightBreeze Baby Sunscreen Stick,May2004,828
Brazil,BrightBreeze Baby Sunscreen Stick,Jun2004,631
Brazil,BrightBreeze Baby Sunscreen Stick,Jul2004,1511
Brazil,BrightBreeze Baby Sunscreen Stick,Aug2004,1322
Brazil,BrightBreeze Baby Sunscreen Stick,Sep2004,348
Brazil,BrightBreeze Baby Sunscreen Stick,Oct2004,717
Brazil,BrightBreeze Baby Sunscreen Stick,Nov2004,1859
Brazil,BrightBreeze Baby Sunscreen Stick,Dec2004,1236
Italy,PurePaw Dog Shampoo,Jan2004,1952
Italy,PurePaw Dog Shampoo,Feb2004,816
Italy,PurePaw Dog Shampoo,Mar2004,620
Italy,PurePaw Dog Shampoo,Apr2004,578
Italy,PurePaw Dog Shampoo,May2004,1650
Italy,PurePaw Dog Shampoo,Jun2004,1389
Italy,PurePaw Dog Shampoo,Jul2004,1830
Italy,PurePaw Dog Shampoo,Aug2004,1261
Italy,PurePaw Dog Shampoo,Sep2004,1333
Italy,PurePaw Dog Shampoo,Oct2004,1856
Italy,PurePaw Dog Shampoo,Nov2004,729
Italy,PurePaw Dog Shampoo,Dec2004,1389
Italy,BrightBreeze Period Pain Relief,Jan2004,605
Italy,BrightBreeze Period Pain Relief,Feb2004,401
Italy,BrightBreeze Period Pain Relief,Mar2004,1561
Italy,BrightBreeze Period Pain Relief,Apr2004,837
Italy,BrightBreeze Period Pain Relief,May2004,1065
Italy,BrightBreeze Period Pain Relief,Jun2004,1913
Italy,BrightBreeze Period Pain Relief,Jul2004,696
Italy,BrightBreeze Period Pain Relief,Aug2004,1177
Italy,BrightBreeze Period Pain Relief,Sep2004,1226
Italy,BrightBreeze Period Pain Relief,Oct2004,1548
Italy,BrightBreeze Period Pain Relief,Nov2004,509
Italy,BrightBreeze Period Pain Relief,Dec2004,1441
Italy,SoftStep Shaving Cream,Jan2004,1287
Italy,SoftStep Shaving Cream,Feb2004,322
Italy,SoftStep Shaving Cream,Mar2004,1226
Italy,SoftStep Shaving Cream,Apr2004,937
Italy,SoftStep Shaving Cream,May2004,1431
Italy,SoftStep Shaving Cream,Jun2004,1084
Italy,SoftStep Shaving Cream,Jul2004,1693
Italy,SoftStep Shaving Cream,Aug2004,1711
Italy,SoftStep Shaving Cream,Sep2004,752
Italy,SoftStep Shaving Cream,Oct2004,304
Italy,SoftStep Shaving Cream,Nov2004,400
Italy,SoftStep Shaving Cream,Dec2004,896
Australia,Brightening Body Wash,Jan2004,1480
Australia,Brightening Body Wash,Feb2004,248
Australia,Brightening Body Wash,Mar2004,803
Australia,Brightening Body Wash,Apr2004,1756
Australia,Brightening Body Wash,May2004,471
Australia,Brightening Body Wash,Jun2004,1140
Australia,Brightening Body Wash,Jul2004,1143
Australia,Brightening Body Wash,Aug2004,961
Australia,Brightening Body Wash,Sep2004,464
Australia,Brightening Body Wash,Oct2004,1052
Australia,Brightening Body Wash,Nov2004,1567
Australia,Brightening Body Wash,Dec2004,1945
Australia,HydratingHoney Pet Wipes,Jan2004,1680
Australia,HydratingHoney Pet Wipes,Feb2004,1018
Australia,HydratingHoney Pet Wipes,Mar2004,1923
Australia,HydratingHoney Pet Wipes,Apr2004,935
Australia,HydratingHoney Pet Wipes,May2004,221
Australia,HydratingHoney Pet Wipes,Jun2004,1157
Australia,HydratingHoney Pet Wipes,Jul2004,1478
Australia,HydratingHoney Pet Wipes,Aug2004,425
Australia,HydratingHoney Pet Wipes,Sep2004,586
Australia,HydratingHoney Pet Wipes,Oct2004,204
Australia,HydratingHoney Pet Wipes,Nov2004,639
Australia,HydratingHoney Pet Wipes,Dec2004,352
South Africa,CleanSmile Floss Picks,Jan2004,1051
South Africa,CleanSmile Floss Picks,Feb2004,860
South Africa,CleanSmile Floss Picks,Mar2004,1540
South Africa,CleanSmile Floss Picks,Apr2004,1324
South Africa,CleanSmile Floss Picks,May2004,273
South Africa,CleanSmile Floss Picks,Jun2004,1176
South Africa,CleanSmile Floss Picks,Jul2004,1543
South Africa,CleanSmile Floss Picks,Aug2004,1787
South Africa,CleanSmile Floss Picks,Sep2004,1036
South Africa,CleanSmile Floss Picks,Oct2004,1824
South Africa,CleanSmile Floss Picks,Nov2004,1527
South Africa,CleanSmile Floss Picks,Dec2004,1784
Japan,SoothingSoft Fabric Softener,Jan2004,202
Japan,SoothingSoft Fabric Softener,Feb2004,898
Japan,SoothingSoft Fabric Softener,Mar2004,574
Japan,SoothingSoft Fabric Softener,Apr2004,1483
Japan,SoothingSoft Fabric Softener,May2004,848
Japan,SoothingSoft Fabric Softener,Jun2004,984
Japan,SoothingSoft Fabric Softener,Jul2004,1138
Japan,SoothingSoft Fabric Softener,Aug2004,639
Japan,SoothingSoft Fabric Softener,Sep2004,1226
Japan,SoothingSoft Fabric Softener,Oct2004,1427
Japan,SoothingSoft Fabric Softener,Nov2004,1109
Japan,SoothingSoft Fabric Softener,Dec2004,1737
Russia,SmilesSoPure Waterpik,Jan2004,1471
Russia,SmilesSoPure Waterpik,Feb2004,550
Russia,SmilesSoPure Waterpik,Mar2004,782
Russia,SmilesSoPure Waterpik,Apr2004,1160
Russia,SmilesSoPure Waterpik,May2004,437
Russia,SmilesSoPure Waterpik,Jun2004,1292
Russia,SmilesSoPure Waterpik,Jul2004,1589
Russia,SmilesSoPure Waterpik,Aug2004,1017
Russia,SmilesSoPure Waterpik,Sep2004,1405
Russia,SmilesSoPure Waterpik,Oct2004,846
Russia,SmilesSoPure Waterpik,Nov2004,503
Russia,SmilesSoPure Waterpik,Dec2004,1754
Russia,SoothingSerenity Hand Sanitizer,Jan2004,950
Russia,SoothingSerenity Hand Sanitizer,Feb2004,434
Russia,SoothingSerenity Hand Sanitizer,Mar2004,753
Russia,SoothingSerenity Hand Sanitizer,Apr2004,973
Russia,SoothingSerenity Hand Sanitizer,May2004,1290
Russia,SoothingSerenity Hand Sanitizer,Jun2004,538
Russia,SoothingSerenity Hand Sanitizer,Jul2004,362
Russia,SoothingSerenity Hand Sanitizer,Aug2004,769
Russia,SoothingSerenity Hand Sanitizer,Sep2004,1893
Russia,SoothingSerenity Hand Sanitizer,Oct2004,1388
Russia,SoothingSerenity Hand Sanitizer,Nov2004,356
Russia,SoothingSerenity Hand Sanitizer,Dec2004,1876
Russia,SoothingSerenity Air Freshener,Jan2004,1539
Russia,SoothingSerenity Air Freshener,Feb2004,1417
Russia,SoothingSerenity Air Freshener,Mar2004,451
Russia,SoothingSerenity Air Freshener,Apr2004,1513
Russia,SoothingSerenity Air Freshener,May2004,1287
Russia,SoothingSerenity Air Freshener,Jun2004,1536
Russia,SoothingSerenity Air Freshener,Jul2004,915
Russia,SoothingSerenity Air Freshener,Aug2004,1141
Russia,SoothingSerenity Air Freshener,Sep2004,400
Russia,SoothingSerenity Air Freshener,Oct2004,869
Russia,SoothingSerenity Air Freshener,Nov2004,685
Russia,SoothingSerenity Air Freshener,Dec2004,947
Japan,SoothingSerenity Scalp Treatment,Jan2004,280
Japan,SoothingSerenity Scalp Treatment,Feb2004,338
Japan,SoothingSerenity Scalp Treatment,Mar2004,1259
Japan,SoothingSerenity Scalp Treatment,Apr2004,1982
Japan,SoothingSerenity Scalp Treatment,May2004,607
Japan,SoothingSerenity Scalp Treatment,Jun2004,579
Japan,SoothingSerenity Scalp Treatment,Jul2004,1685
Japan,SoothingSerenity Scalp Treatment,Aug2004,1012
Japan,SoothingSerenity Scalp Treatment,Sep2004,984
Japan,SoothingSerenity Scalp Treatment,Oct2004,1770
Japan,SoothingSerenity Scalp Treatment,Nov2004,1615
Japan,SoothingSerenity Scalp Treatment,Dec2004,647
Egypt,SmellSational Baby Room Spray,Jan2004,1583
Egypt,SmellSational Baby Room Spray,Feb2004,805
Egypt,SmellSational Baby Room Spray,Mar2004,1950
Egypt,SmellSational Baby Room Spray,Apr2004,726
Egypt,SmellSational Baby Room Spray,May2004,1370
Egypt,SmellSational Baby Room Spray,Jun2004,500
Egypt,SmellSational Baby Room Spray,Jul2004,466
Egypt,SmellSational Baby Room Spray,Aug2004,1325
Egypt,SmellSational Baby Room Spray,Sep2004,1122
Egypt,SmellSational Baby Room Spray,Oct2004,402
Egypt,SmellSational Baby Room Spray,Nov2004,1638
Egypt,SmellSational Baby Room Spray,Dec2004,1145
Egypt,Purezza Body Wash,Jan2004,774
Egypt,Purezza Body Wash,Feb2004,252
Egypt,Purezza Body Wash,Mar2004,1207
Egypt,Purezza Body Wash,Apr2004,1817
Egypt,Purezza Body Wash,May2004,1168
Egypt,Purezza Body Wash,Jun2004,1277
Egypt,Purezza Body Wash,Jul2004,813
Egypt,Purezza Body Wash,Aug2004,1445
Egypt,Purezza Body Wash,Sep2004,1601
Egypt,Purezza Body Wash,Oct2004,1488
Egypt,Purezza Body Wash,Nov2004,952
Egypt,Purezza Body Wash,Dec2004,1690
India,BrightBreeze Insect Repellent,Jan2004,1555
India,BrightBreeze Insect Repellent,Feb2004,1968
India,BrightBreeze Insect Repellent,Mar2004,412
India,BrightBreeze Insect Repellent,Apr2004,1600
India,BrightBreeze Insect Repellent,May2004,1590
India,BrightBreeze Insect Repellent,Jun2004,1988
India,BrightBreeze Insect Repellent,Jul2004,320
India,BrightBreeze Insect Repellent,Aug2004,771
India,BrightBreeze Insect Repellent,Sep2004,1247
India,BrightBreeze Insect Repellent,Oct2004,1049
India,BrightBreeze Insect Repellent,Nov2004,1712
India,BrightBreeze Insect Repellent,Dec2004,1016
Australia,SkinSational Moisturizer,Jan2004,1789
Australia,SkinSational Moisturizer,Feb2004,1486
Australia,SkinSational Moisturizer,Mar2004,1266
Australia,SkinSational Moisturizer,Apr2004,1193
Australia,SkinSational Moisturizer,May2004,1402
Australia,SkinSational Moisturizer,Jun2004,317
Australia,SkinSational Moisturizer,Jul2004,421
Australia,SkinSational Moisturizer,Aug2004,1905
Australia,SkinSational Moisturizer,Sep2004,435
Australia,SkinSational Moisturizer,Oct2004,1644
Australia,SkinSational Moisturizer,Nov2004,1675
Australia,SkinSational Moisturizer,Dec2004,1712
South Africa,CalmingClean Bath Time Wash,Jan2004,314
South Africa,CalmingClean Bath Time Wash,Feb2004,836
South Africa,CalmingClean Bath Time Wash,Mar2004,1306
South Africa,CalmingClean Bath Time Wash,Apr2004,1680
South Africa,CalmingClean Bath Time Wash,May2004,1407
South Africa,CalmingClean Bath Time Wash,Jun2004,884
South Africa,CalmingClean Bath Time Wash,Jul2004,723
South Africa,CalmingClean Bath Time Wash,Aug2004,1443
South Africa,CalmingClean Bath Time Wash,Sep2004,1136
South Africa,CalmingClean Bath Time Wash,Oct2004,909
South Africa,CalmingClean Bath Time Wash,Nov2004,1846
South Africa,CalmingClean Bath Time Wash,Dec2004,1061
Japan,MorningBreeze Gum Care,Jan2004,1704
Japan,MorningBreeze Gum Care,Feb2004,756
Japan,MorningBreeze Gum Care,Mar2004,1809
Japan,MorningBreeze Gum Care,Apr2004,296
Japan,MorningBreeze Gum Care,May2004,804
Japan,MorningBreeze Gum Care,Jun2004,829
Japan,MorningBreeze Gum Care,Jul2004,531
Japan,MorningBreeze Gum Care,Aug2004,889
Japan,MorningBreeze Gum Care,Sep2004,755
Japan,MorningBreeze Gum Care,Oct2004,335
Japan,MorningBreeze Gum Care,Nov2004,1116
Japan,MorningBreeze Gum Care,Dec2004,1588
South Africa,SilkySkin Baby Moisturizer,Jan2004,1934
South Africa,SilkySkin Baby Moisturizer,Feb2004,735
South Africa,SilkySkin Baby Moisturizer,Mar2004,698
South Africa,SilkySkin Baby Moisturizer,Apr2004,1928
South Africa,SilkySkin Baby Moisturizer,May2004,1921
South Africa,SilkySkin Baby Moisturizer,Jun2004,1178
South Africa,SilkySkin Baby Moisturizer,Jul2004,1010
South Africa,SilkySkin Baby Moisturizer,Aug2004,1783
South Africa,SilkySkin Baby Moisturizer,Sep2004,314
South Africa,SilkySkin Baby Moisturizer,Oct2004,247
South Africa,SilkySkin Baby Moisturizer,Nov2004,620
South Africa,SilkySkin Baby Moisturizer,Dec2004,234
United Kingdom,SmellSational Baby Room Spray,Jan2004,266
United Kingdom,SmellSational Baby Room Spray,Feb2004,380
United Kingdom,SmellSational Baby Room Spray,Mar2004,1792
United Kingdom,SmellSational Baby Room Spray,Apr2004,1290
United Kingdom,SmellSational Baby Room Spray,May2004,987
United Kingdom,SmellSational Baby Room Spray,Jun2004,719
United Kingdom,SmellSational Baby Room Spray,Jul2004,529
United Kingdom,SmellSational Baby Room Spray,Aug2004,1694
United Kingdom,SmellSational Baby Room Spray,Sep2004,854
United Kingdom,SmellSational Baby Room Spray,Oct2004,295
United Kingdom,SmellSational Baby Room Spray,Nov2004,539
United Kingdom,SmellSational Baby Room Spray,Dec2004,519
Japan,SmellSational Odor Eliminator,Jan2004,1568
Japan,SmellSational Odor Eliminator,Feb2004,320
Japan,SmellSational Odor Eliminator,Mar2004,923
Japan,SmellSational Odor Eliminator,Apr2004,691
Japan,SmellSational Odor Eliminator,May2004,722
Japan,SmellSational Odor Eliminator,Jun2004,1099
Japan,SmellSational Odor Eliminator,Jul2004,280
Japan,SmellSational Odor Eliminator,Aug2004,726
Japan,SmellSational Odor Eliminator,Sep2004,400
Japan,SmellSational Odor Eliminator,Oct2004,1885
Japan,SmellSational Odor Eliminator,Nov2004,255
Japan,SmellSational Odor Eliminator,Dec2004,867
Italy,RadiantRose Glass Cleaner,Jan2004,280
Italy,RadiantRose Glass Cleaner,Feb2004,1861
Italy,RadiantRose Glass Cleaner,Mar2004,964
Italy,RadiantRose Glass Cleaner,Apr2004,591
Italy,RadiantRose Glass Cleaner,May2004,1868
Italy,RadiantRose Glass Cleaner,Jun2004,1421
Italy,RadiantRose Glass Cleaner,Jul2004,1878
Italy,RadiantRose Glass Cleaner,Aug2004,269
Italy,RadiantRose Glass Cleaner,Sep2004,1318
Italy,RadiantRose Glass Cleaner,Oct2004,590
Italy,RadiantRose Glass Cleaner,Nov2004,1471
Italy,RadiantRose Glass Cleaner,Dec2004,972
Russia,SoftStep Shaving Cream for Women,Jan2004,1255
Russia,SoftStep Shaving Cream for Women,Feb2004,482
Russia,SoftStep Shaving Cream for Women,Mar2004,360
Russia,SoftStep Shaving Cream for Women,Apr2004,441
Russia,SoftStep Shaving Cream for Women,May2004,1744
Russia,SoftStep Shaving Cream for Women,Jun2004,739
Russia,SoftStep Shaving Cream for Women,Jul2004,1845
Russia,SoftStep Shaving Cream for Women,Aug2004,1542
Russia,SoftStep Shaving Cream for Women,Sep2004,1560
Russia,SoftStep Shaving Cream for Women,Oct2004,640
Russia,SoftStep Shaving Cream for Women,Nov2004,410
Russia,SoftStep Shaving Cream for Women,Dec2004,1194
Egypt,BrightBreeze Period Pain Relief,Jan2004,395
Egypt,BrightBreeze Period Pain Relief,Feb2004,702
Egypt,BrightBreeze Period Pain Relief,Mar2004,207
Egypt,BrightBreeze Period Pain Relief,Apr2004,1425
Egypt,BrightBreeze Period Pain Relief,May2004,1709
Egypt,BrightBreeze Period Pain Relief,Jun2004,480
Egypt,BrightBreeze Period Pain Relief,Jul2004,337
Egypt,BrightBreeze Period Pain Relief,Aug2004,1768
Egypt,BrightBreeze Period Pain Relief,Sep2004,1595
Egypt,BrightBreeze Period Pain Relief,Oct2004,1412
Egypt,BrightBreeze Period Pain Relief,Nov2004,528
Egypt,BrightBreeze Period Pain Relief,Dec2004,1655
Brazil,MorningMist Deodorant,Jan2004,264
Brazil,MorningMist Deodorant,Feb2004,261
Brazil,MorningMist Deodorant,Mar2004,1993
Brazil,MorningMist Deodorant,Apr2004,709
Brazil,MorningMist Deodorant,May2004,1997
Brazil,MorningMist Deodorant,Jun2004,457
Brazil,MorningMist Deodorant,Jul2004,1922
Brazil,MorningMist Deodorant,Aug2004,922
Brazil,MorningMist Deodorant,Sep2004,1458
Brazil,MorningMist Deodorant,Oct2004,347
Brazil,MorningMist Deodorant,Nov2004,935
Brazil,MorningMist Deodorant,Dec2004,1647
Russia,SmellSational Intimate Spray,Jan2004,1527
Russia,SmellSational Intimate Spray,Feb2004,1960
Russia,SmellSational Intimate Spray,Mar2004,1339
Russia,SmellSational Intimate Spray,Apr2004,1019
Russia,SmellSational Intimate Spray,May2004,505
Russia,SmellSational Intimate Spray,Jun2004,1475
Russia,SmellSational Intimate Spray,Jul2004,567
Russia,SmellSational Intimate Spray,Aug2004,779
Russia,SmellSational Intimate Spray,Sep2004,1019
Russia,SmellSational Intimate Spray,Oct2004,1343
Russia,SmellSational Intimate Spray,Nov2004,888
Russia,SmellSational Intimate Spray,Dec2004,1062
Australia,FreshFusion Baby Wipes,Jan2004,627
Australia,FreshFusion Baby Wipes,Feb2004,1058
Australia,FreshFusion Baby Wipes,Mar2004,1046
Australia,FreshFusion Baby Wipes,Apr2004,1824
Australia,FreshFusion Baby Wipes,May2004,1965
Australia,FreshFusion Baby Wipes,Jun2004,1201
Australia,FreshFusion Baby Wipes,Jul2004,347
Australia,FreshFusion Baby Wipes,Aug2004,1116
Australia,FreshFusion Baby Wipes,Sep2004,1072
Australia,FreshFusion Baby Wipes,Oct2004,867
Australia,FreshFusion Baby Wipes,Nov2004,371
Australia,FreshFusion Baby Wipes,Dec2004,1669
India,HydraHydrate Hand Cream,Jan2004,1504
India,HydraHydrate Hand Cream,Feb2004,1488
India,HydraHydrate Hand Cream,Mar2004,1824
India,HydraHydrate Hand Cream,Apr2004,1486
India,HydraHydrate Hand Cream,May2004,1096
India,HydraHydrate Hand Cream,Jun2004,1693
India,HydraHydrate Hand Cream,Jul2004,281
India,HydraHydrate Hand Cream,Aug2004,246
India,HydraHydrate Hand Cream,Sep2004,385
India,HydraHydrate Hand Cream,Oct2004,409
India,HydraHydrate Hand Cream,Nov2004,818
India,HydraHydrate Hand Cream,Dec2004,1548
Italy,FreshFusion All-Purpose Cleaner,Jan2004,1980
Italy,FreshFusion All-Purpose Cleaner,Feb2004,1383
Italy,FreshFusion All-Purpose Cleaner,Mar2004,363
Italy,FreshFusion All-Purpose Cleaner,Apr2004,1283
Italy,FreshFusion All-Purpose Cleaner,May2004,1977
Italy,FreshFusion All-Purpose Cleaner,Jun2004,1758
Italy,FreshFusion All-Purpose Cleaner,Jul2004,1305
Italy,FreshFusion All-Purpose Cleaner,Aug2004,781
Italy,FreshFusion All-Purpose Cleaner,Sep2004,1251
Italy,FreshFusion All-Purpose Cleaner,Oct2004,845
Italy,FreshFusion All-Purpose Cleaner,Nov2004,284
Italy,FreshFusion All-Purpose Cleaner,Dec2004,1937
Australia,MorningBreeze Gum Care,Jan2004,229
Australia,MorningBreeze Gum Care,Feb2004,493
Australia,MorningBreeze Gum Care,Mar2004,968
Australia,MorningBreeze Gum Care,Apr2004,1024
Australia,MorningBreeze Gum Care,May2004,1115
Australia,MorningBreeze Gum Care,Jun2004,1376
Australia,MorningBreeze Gum Care,Jul2004,1431
Australia,MorningBreeze Gum Care,Aug2004,1594
Australia,MorningBreeze Gum Care,Sep2004,1322
Australia,MorningBreeze Gum Care,Oct2004,253
Australia,MorningBreeze Gum Care,Nov2004,703
Australia,MorningBreeze Gum Care,Dec2004,433
Russia,FreshFusion Baby Wipes,Jan2004,1609
Russia,FreshFusion Baby Wipes,Feb2004,1953
Russia,FreshFusion Baby Wipes,Mar2004,427
Russia,FreshFusion Baby Wipes,Apr2004,1154
Russia,FreshFusion Baby Wipes,May2004,887
Russia,FreshFusion Baby Wipes,Jun2004,1154
Russia,FreshFusion Baby Wipes,Jul2004,1118
Russia,FreshFusion Baby Wipes,Aug2004,1552
Russia,FreshFusion Baby Wipes,Sep2004,1758
Russia,FreshFusion Baby Wipes,Oct2004,751
Russia,FreshFusion Baby Wipes,Nov2004,1431
Russia,FreshFusion Baby Wipes,Dec2004,1074
France,SparklingGlow Toothpaste,Jan2004,1515
France,SparklingGlow Toothpaste,Feb2004,886
France,SparklingGlow Toothpaste,Mar2004,1711
France,SparklingGlow Toothpaste,Apr2004,1207
France,SparklingGlow Toothpaste,May2004,1312
France,SparklingGlow Toothpaste,Jun2004,936
France,SparklingGlow Toothpaste,Jul2004,1023
France,SparklingGlow Toothpaste,Aug2004,434
France,SparklingGlow Toothpaste,Sep2004,836
France,SparklingGlow Toothpaste,Oct2004,1185
France,SparklingGlow Toothpaste,Nov2004,1578
France,SparklingGlow Toothpaste,Dec2004,1271
Italy,PurePore Toner,Jan2004,856
Italy,PurePore Toner,Feb2004,1369
Italy,PurePore Toner,Mar2004,386
Italy,PurePore Toner,Apr2004,272
Italy,PurePore Toner,May2004,367
Italy,PurePore Toner,Jun2004,207
Italy,PurePore Toner,Jul2004,691
Italy,PurePore Toner,Aug2004,1929
Italy,PurePore Toner,Sep2004,1430
Italy,PurePore Toner,Oct2004,470
Italy,PurePore Toner,Nov2004,660
Italy,PurePore Toner,Dec2004,1198
Japan,EasyWash Laundry Detergent for Babies,Jan2004,549
Japan,EasyWash Laundry Detergent for Babies,Feb2004,828
Japan,EasyWash Laundry Detergent for Babies,Mar2004,453
Japan,EasyWash Laundry Detergent for Babies,Apr2004,1447
Japan,EasyWash Laundry Detergent for Babies,May2004,731
Japan,EasyWash Laundry Detergent for Babies,Jun2004,1511
Japan,EasyWash Laundry Detergent for Babies,Jul2004,1862
Japan,EasyWash Laundry Detergent for Babies,Aug2004,482
Japan,EasyWash Laundry Detergent for Babies,Sep2004,1096
Japan,EasyWash Laundry Detergent for Babies,Oct2004,1707
Japan,EasyWash Laundry Detergent for Babies,Nov2004,362
Japan,EasyWash Laundry Detergent for Babies,Dec2004,329
Australia,EasyWash Pet Laundry Detergent,Jan2004,1334
Australia,EasyWash Pet Laundry Detergent,Feb2004,1836
Australia,EasyWash Pet Laundry Detergent,Mar2004,1126
Australia,EasyWash Pet Laundry Detergent,Apr2004,852
Australia,EasyWash Pet Laundry Detergent,May2004,1599
Australia,EasyWash Pet Laundry Detergent,Jun2004,1054
Australia,EasyWash Pet Laundry Detergent,Jul2004,283
Australia,EasyWash Pet Laundry Detergent,Aug2004,850
Australia,EasyWash Pet Laundry Detergent,Sep2004,633
Australia,EasyWash Pet Laundry Detergent,Oct2004,1876
Australia,EasyWash Pet Laundry Detergent,Nov2004,1461
Australia,EasyWash Pet Laundry Detergent,Dec2004,379
India,SmileShield Whitening Strips,Jan2004,802
India,SmileShield Whitening Strips,Feb2004,1682
India,SmileShield Whitening Strips,Mar2004,1326
India,SmileShield Whitening Strips,Apr2004,514
India,SmileShield Whitening Strips,May2004,1102
India,SmileShield Whitening Strips,Jun2004,790
India,SmileShield Whitening Strips,Jul2004,531
India,SmileShield Whitening Strips,Aug2004,1508
India,SmileShield Whitening Strips,Sep2004,1700
India,SmileShield Whitening Strips,Oct2004,466
India,SmileShield Whitening Strips,Nov2004,1442
India,SmileShield Whitening Strips,Dec2004,1355
