Country,Product,Unit Cost
Japan,MorningMint,3.49
Japan,FreshStart Toothpaste,15.5
Japan,SmileShield Whitening Strips,10.76
Japan,BriteBite Toothbrush,20.75
Japan,LuminousLip Care,12.76
Japan,CleanSlate Mouthwash,12.52
Japan,OralEase Gel,9.46
Japan,BreathBliss Mints,14.1
Japan,DentalDefense Toothpaste,19.04
Japan,SparklingSmile Water Flosser,20.12
Japan,FreshFusion Mouth Rinse,17.43
Japan,SmileSavvy Tooth Whitening Kit,10.9
Japan,DailyDazzle Toothpaste,12.6
Japan,MorningBreeze Gum Care,10.63
Japan,OralEase Plus Toothbrush,17.08
Japan,BreatheEasy Inhalant,14.33
Japan,SmilesSoPure Waterpik,5.43
Japan,CleanSmile Floss Picks,7.49
Japan,FreshFix Mouthwash,8.51
Japan,SparklingGlow Toothpaste,17.46
Japan,Purezza Body Wash,5.16
Japan,SkinSational Moisturizer,9.31
Japan,SoftStep Shaving Cream,5.74
Japan,GentleGlow Face Lotion,5.33
Japan,HydraHydrate Hand Cream,3.97
Japan,SilkSmooth Exfoliating Scrub,8.52
Japan,CleanSkin Acne Treatment,5.93
Japan,SunShield SPF 50 Lotion,24.52
Japan,Refreshing Rose Body Oil,14.45
Japan,Calming Creme Relaxant Bath,8.49
Japan,Brightening Body Wash,11.24
Japan,SmoothOperator Shaving Gel,18.65
Japan,RadiantRose Face Mask,5.46
Japan,SoothingSerenity Hand Sanitizer,17.98
Japan,GentleGlow Face Cleanser,5.52
Japan,PurePore Toner,12.33
Japan,SilkySkin Moisturizing Cream,11.35
Japan,MorningMist Deodorant,9.29
Japan,Hydrating Honey Body Lotion,18.86
Japan,Exfoliating Essentials Scrub,10.56
Japan,FreshFusion Detergent,12.44
Japan,CleanSlate Stain Remover,22.77
Japan,SoothingSoft Fabric Softener,11.46
Japan,BrightBreeze Whitening Booster,5.02
Japan,DelicateDew Sensitive Wash,8.48
Japan,SparklingClean All-Purpose Cleaner,17.33
Japan,FreshFold Fabric Refresher,8.77
Japan,RadiantRinse Color Protector,5.55
Japan,EasyWash Laundry Detergent,11.85
Japan,SmellSational Odor Eliminator,14.04
Japan,LittleLullaby Diaper Cream,12.04
Japan,SoothingSerenity Baby Oil,13.05
Japan,CalmingClean Bath Time Wash,5.59
Japan,FreshFusion Diaper Rash Remedy,9.4
Japan,PurePore Baby Lotion,5.5
Japan,SilkySkin Baby Cream,7.78
Japan,GentleGlow Baby Sunscreen,12.23
Japan,BrightBreeze Insect Repellent,5.73
Japan,SoftStep Baby Shampoo,7.49
Japan,RadiantRose Baby Massage Oil,9.37
Japan,EasyWash Laundry Detergent for Babies,22.27
Japan,LittleLullaby Diaper Liners,16.68
Japan,SoothingSerenity Baby Rub,14.07
Japan,CalmingClean Diaper Rash Cream,6.53
Japan,FreshFusion Baby Wipes,10.91
Japan,PurePore Baby Skincare Set,13.1
Japan,SilkySkin Baby Moisturizer,13.23
Japan,GentleGlow Baby Face Wash,9.43
Japan,BrightBreeze Baby Sunscreen Stick,7.6
Japan,SmellSational Baby Room Spray,9.43
Japan,LuminousLocks Shampoo,15.99
Japan,SilkSmooth Conditioner,9.11
Japan,FreshFusion Hair Mask,16.61
Japan,RadiantRose Hair Serum,7.74
Japan,SoothingSerenity Scalp Treatment,6.84
Japan,CleanSlate Feminine Deodorant,4.92
Japan,BrightBreeze Period Pain Relief,10.78
Japan,PurePore Sanitary Belt,20.3
Japan,SmellSational Intimate Spray,11.34
Japan,SoftStep Shaving Cream for Women,11.59
Japan,FreshFusion All-Purpose Cleaner,13.7
Japan,CleanSlate Disinfectant Spray,16.94
Japan,SoothingSerenity Air Freshener,15.12
Japan,BrightBreeze Window Cleaner,9.74
Japan,GentleGlow Dish Soap,11.09
Japan,RadiantRose Glass Cleaner,18.02
Japan,PurePore Insect Repellent Spray,8.13
Japan,EasyWash Laundry Detergent for Delicates,18.24
Japan,CalmingClean Trash Bags,9.26
Japan,SoothingSerenity Humidifier,11.2
Japan,PurePaw Dog Shampoo,12.02
Japan,SoothingPaws Cat Lotion,9.69
Japan,RadiantRover Pet Conditioner,20.34
Japan,FreshFusion Flea and Tick Spray,6.68
Japan,GentleGlow Pet Grooming Kit,11.25
Japan,BrightBreeze Pet Odor Eliminator,16.29
Japan,EasyWash Pet Laundry Detergent,4.69
Japan,SmellSational Pet Deodorizer,17.24
Japan,CalmingClean Dog Brush,13.1
Japan,HydratingHoney Pet Wipes,5.56
Australia,MorningMint,6.6
Australia,FreshStart Toothpaste,17.84
Australia,SmileShield Whitening Strips,14.38
Australia,BriteBite Toothbrush,18.27
Australia,LuminousLip Care,13.58
Australia,CleanSlate Mouthwash,17.42
Australia,OralEase Gel,10.08
Australia,BreathBliss Mints,17.47
Australia,DentalDefense Toothpaste,20.35
Australia,SparklingSmile Water Flosser,19.73
Australia,FreshFusion Mouth Rinse,17.83
Australia,SmileSavvy Tooth Whitening Kit,13.23
Australia,DailyDazzle Toothpaste,14.25
Australia,MorningBreeze Gum Care,12.9
Australia,OralEase Plus Toothbrush,16.23
Australia,BreatheEasy Inhalant,9.46
Australia,SmilesSoPure Waterpik,3.96
Australia,CleanSmile Floss Picks,9.39
Australia,FreshFix Mouthwash,11.06
Australia,SparklingGlow Toothpaste,11.37
Australia,Purezza Body Wash,5.76
Australia,SkinSational Moisturizer,7.06
Australia,SoftStep Shaving Cream,4.99
Australia,GentleGlow Face Lotion,4.1
Australia,HydraHydrate Hand Cream,5.51
Australia,SilkSmooth Exfoliating Scrub,14.35
Australia,CleanSkin Acne Treatment,4.63
Australia,SunShield SPF 50 Lotion,18.31
Australia,Refreshing Rose Body Oil,19.28
Australia,Calming Creme Relaxant Bath,6.9
Australia,Brightening Body Wash,14.41
Australia,SmoothOperator Shaving Gel,21.97
Australia,RadiantRose Face Mask,4.99
Australia,SoothingSerenity Hand Sanitizer,9.8
Australia,GentleGlow Face Cleanser,4.24
Australia,PurePore Toner,13.23
Australia,SilkySkin Moisturizing Cream,8.77
Australia,MorningMist Deodorant,8.04
Australia,Hydrating Honey Body Lotion,17.84
Australia,Exfoliating Essentials Scrub,11.53
Australia,FreshFusion Detergent,10.97
Australia,CleanSlate Stain Remover,21.68
Australia,SoothingSoft Fabric Softener,8.73
Australia,BrightBreeze Whitening Booster,6.25
Australia,DelicateDew Sensitive Wash,10.42
Australia,SparklingClean All-Purpose Cleaner,14.63
Australia,FreshFold Fabric Refresher,7.02
Australia,RadiantRinse Color Protector,4.65
Australia,EasyWash Laundry Detergent,8.51
Australia,SmellSational Odor Eliminator,12.36
Australia,LittleLullaby Diaper Cream,12.87
Australia,SoothingSerenity Baby Oil,13.45
Australia,CalmingClean Bath Time Wash,6.51
Australia,FreshFusion Diaper Rash Remedy,11.6
Australia,PurePore Baby Lotion,5.88
Australia,SilkySkin Baby Cream,5.31
Australia,GentleGlow Baby Sunscreen,18.87
Australia,BrightBreeze Insect Repellent,4.65
Australia,SoftStep Baby Shampoo,6.9
Australia,RadiantRose Baby Massage Oil,4.41
Australia,EasyWash Laundry Detergent for Babies,22.48
Australia,LittleLullaby Diaper Liners,20.33
Australia,SoothingSerenity Baby Rub,16.42
Australia,CalmingClean Diaper Rash Cream,11.89
Australia,FreshFusion Baby Wipes,9.36
Australia,PurePore Baby Skincare Set,11.01
Australia,SilkySkin Baby Moisturizer,18.51
Australia,GentleGlow Baby Face Wash,11.2
Australia,BrightBreeze Baby Sunscreen Stick,8.58
Australia,SmellSational Baby Room Spray,10.31
Australia,LuminousLocks Shampoo,17.72
Australia,SilkSmooth Conditioner,11.48
Australia,FreshFusion Hair Mask,16.29
Australia,RadiantRose Hair Serum,9.49
Australia,SoothingSerenity Scalp Treatment,6.66
Australia,CleanSlate Feminine Deodorant,5.77
Australia,BrightBreeze Period Pain Relief,7.63
Australia,PurePore Sanitary Belt,17.03
Australia,SmellSational Intimate Spray,16.66
Australia,SoftStep Shaving Cream for Women,10.23
Australia,FreshFusion All-Purpose Cleaner,12.38
Australia,CleanSlate Disinfectant Spray,16.31
Australia,SoothingSerenity Air Freshener,14.69
Australia,BrightBreeze Window Cleaner,11.57
Australia,GentleGlow Dish Soap,11.03
Australia,RadiantRose Glass Cleaner,17.78
Australia,PurePore Insect Repellent Spray,4.48
Australia,EasyWash Laundry Detergent for Delicates,14.57
Australia,CalmingClean Trash Bags,7.43
Australia,SoothingSerenity Humidifier,11.77
Australia,PurePaw Dog Shampoo,12.31
Australia,SoothingPaws Cat Lotion,10.65
Australia,RadiantRover Pet Conditioner,17.17
Australia,FreshFusion Flea and Tick Spray,6.01
Australia,GentleGlow Pet Grooming Kit,9.82
Australia,BrightBreeze Pet Odor Eliminator,17.03
Australia,EasyWash Pet Laundry Detergent,5.75
Australia,SmellSational Pet Deodorizer,12.69
Australia,CalmingClean Dog Brush,12.85
Australia,HydratingHoney Pet Wipes,7.41
Brazil,MorningMint,6.56
Brazil,FreshStart Toothpaste,14.27
Brazil,SmileShield Whitening Strips,11.94
Brazil,BriteBite Toothbrush,14.93
Brazil,LuminousLip Care,11.8
Brazil,CleanSlate Mouthwash,15.77
Brazil,OralEase Gel,10.0
Brazil,BreathBliss Mints,20.02
Brazil,DentalDefense Toothpaste,14.07
Brazil,SparklingSmile Water Flosser,21.41
Brazil,FreshFusion Mouth Rinse,15.21
Brazil,SmileSavvy Tooth Whitening Kit,11.64
Brazil,DailyDazzle Toothpaste,15.71
Brazil,MorningBreeze Gum Care,10.13
Brazil,OralEase Plus Toothbrush,14.47
Brazil,BreatheEasy Inhalant,10.02
Brazil,SmilesSoPure Waterpik,6.4
Brazil,CleanSmile Floss Picks,9.24
Brazil,FreshFix Mouthwash,12.53
Brazil,SparklingGlow Toothpaste,14.74
Brazil,Purezza Body Wash,3.75
Brazil,SkinSational Moisturizer,8.23
Brazil,SoftStep Shaving Cream,5.91
Brazil,GentleGlow Face Lotion,4.36
Brazil,HydraHydrate Hand Cream,4.7
Brazil,SilkSmooth Exfoliating Scrub,9.63
Brazil,CleanSkin Acne Treatment,5.04
Brazil,SunShield SPF 50 Lotion,20.62
Brazil,Refreshing Rose Body Oil,21.56
Brazil,Calming Creme Relaxant Bath,6.27
Brazil,Brightening Body Wash,13.2
Brazil,SmoothOperator Shaving Gel,20.81
Brazil,RadiantRose Face Mask,4.51
Brazil,SoothingSerenity Hand Sanitizer,15.46
Brazil,GentleGlow Face Cleanser,5.58
Brazil,PurePore Toner,20.15
Brazil,SilkySkin Moisturizing Cream,10.14
Brazil,MorningMist Deodorant,7.52
Brazil,Hydrating Honey Body Lotion,18.11
Brazil,Exfoliating Essentials Scrub,9.97
Brazil,FreshFusion Detergent,7.95
Brazil,CleanSlate Stain Remover,19.74
Brazil,SoothingSoft Fabric Softener,9.56
Brazil,BrightBreeze Whitening Booster,7.13
Brazil,DelicateDew Sensitive Wash,12.46
Brazil,SparklingClean All-Purpose Cleaner,14.55
Brazil,FreshFold Fabric Refresher,7.82
Brazil,RadiantRinse Color Protector,5.43
Brazil,EasyWash Laundry Detergent,12.34
Brazil,SmellSational Odor Eliminator,14.25
Brazil,LittleLullaby Diaper Cream,14.71
Brazil,SoothingSerenity Baby Oil,16.09
Brazil,CalmingClean Bath Time Wash,5.93
Brazil,FreshFusion Diaper Rash Remedy,9.96
Brazil,PurePore Baby Lotion,6.35
Brazil,SilkySkin Baby Cream,7.85
Brazil,GentleGlow Baby Sunscreen,20.46
Brazil,BrightBreeze Insect Repellent,5.26
Brazil,SoftStep Baby Shampoo,3.95
Brazil,RadiantRose Baby Massage Oil,6.72
Brazil,EasyWash Laundry Detergent for Babies,16.11
Brazil,LittleLullaby Diaper Liners,13.29
Brazil,SoothingSerenity Baby Rub,13.73
Brazil,CalmingClean Diaper Rash Cream,11.8
Brazil,FreshFusion Baby Wipes,8.46
Brazil,PurePore Baby Skincare Set,8.47
Brazil,SilkySkin Baby Moisturizer,20.01
Brazil,GentleGlow Baby Face Wash,11.32
Brazil,BrightBreeze Baby Sunscreen Stick,6.63
Brazil,SmellSational Baby Room Spray,11.96
Brazil,LuminousLocks Shampoo,15.7
Brazil,SilkSmooth Conditioner,8.58
Brazil,FreshFusion Hair Mask,17.3
Brazil,RadiantRose Hair Serum,9.61
Brazil,SoothingSerenity Scalp Treatment,5.42
Brazil,CleanSlate Feminine Deodorant,4.9
Brazil,BrightBreeze Period Pain Relief,11.15
Brazil,PurePore Sanitary Belt,18.44
Brazil,SmellSational Intimate Spray,12.47
Brazil,SoftStep Shaving Cream for Women,9.19
Brazil,FreshFusion All-Purpose Cleaner,12.17
Brazil,CleanSlate Disinfectant Spray,17.88
Brazil,SoothingSerenity Air Freshener,16.29
Brazil,BrightBreeze Window Cleaner,11.96
Brazil,GentleGlow Dish Soap,10.44
Brazil,RadiantRose Glass Cleaner,16.09
Brazil,PurePore Insect Repellent Spray,6.36
Brazil,EasyWash Laundry Detergent for Delicates,18.44
Brazil,CalmingClean Trash Bags,9.02
Brazil,SoothingSerenity Humidifier,14.01
Brazil,PurePaw Dog Shampoo,11.31
Brazil,SoothingPaws Cat Lotion,8.59
Brazil,RadiantRover Pet Conditioner,19.98
Brazil,FreshFusion Flea and Tick Spray,6.13
Brazil,GentleGlow Pet Grooming Kit,9.41
Brazil,BrightBreeze Pet Odor Eliminator,18.66
Brazil,EasyWash Pet Laundry Detergent,5.26
Brazil,SmellSational Pet Deodorizer,16.13
Brazil,CalmingClean Dog Brush,14.16
Brazil,HydratingHoney Pet Wipes,6.37
Egypt,MorningMint,5.68
Egypt,FreshStart Toothpaste,16.53
Egypt,SmileShield Whitening Strips,11.6
Egypt,BriteBite Toothbrush,20.49
Egypt,LuminousLip Care,11.59
Egypt,CleanSlate Mouthwash,18.99
Egypt,OralEase Gel,11.9
Egypt,BreathBliss Mints,17.67
Egypt,DentalDefense Toothpaste,16.77
Egypt,SparklingSmile Water Flosser,12.47
Egypt,FreshFusion Mouth Rinse,15.79
Egypt,SmileSavvy Tooth Whitening Kit,11.04
Egypt,DailyDazzle Toothpaste,11.47
Egypt,MorningBreeze Gum Care,12.24
Egypt,OralEase Plus Toothbrush,18.22
Egypt,BreatheEasy Inhalant,9.92
Egypt,SmilesSoPure Waterpik,5.36
Egypt,CleanSmile Floss Picks,7.25
Egypt,FreshFix Mouthwash,11.12
Egypt,SparklingGlow Toothpaste,16.61
Egypt,Purezza Body Wash,3.89
Egypt,SkinSational Moisturizer,6.92
Egypt,SoftStep Shaving Cream,4.98
Egypt,GentleGlow Face Lotion,4.91
Egypt,HydraHydrate Hand Cream,4.16
Egypt,SilkSmooth Exfoliating Scrub,11.45
Egypt,CleanSkin Acne Treatment,5.26
Egypt,SunShield SPF 50 Lotion,21.17
Egypt,Refreshing Rose Body Oil,22.69
Egypt,Calming Creme Relaxant Bath,5.93
Egypt,Brightening Body Wash,16.53
Egypt,SmoothOperator Shaving Gel,19.39
Egypt,RadiantRose Face Mask,3.95
Egypt,SoothingSerenity Hand Sanitizer,17.99
Egypt,GentleGlow Face Cleanser,5.12
Egypt,PurePore Toner,18.59
Egypt,SilkySkin Moisturizing Cream,12.98
Egypt,MorningMist Deodorant,6.41
Egypt,Hydrating Honey Body Lotion,18.39
Egypt,Exfoliating Essentials Scrub,10.25
Egypt,FreshFusion Detergent,12.37
Egypt,CleanSlate Stain Remover,18.03
Egypt,SoothingSoft Fabric Softener,11.58
Egypt,BrightBreeze Whitening Booster,7.87
Egypt,DelicateDew Sensitive Wash,11.63
Egypt,SparklingClean All-Purpose Cleaner,16.74
Egypt,FreshFold Fabric Refresher,6.42
Egypt,RadiantRinse Color Protector,6.32
Egypt,EasyWash Laundry Detergent,9.55
Egypt,SmellSational Odor Eliminator,13.15
Egypt,LittleLullaby Diaper Cream,17.19
Egypt,SoothingSerenity Baby Oil,16.96
Egypt,CalmingClean Bath Time Wash,5.77
Egypt,FreshFusion Diaper Rash Remedy,11.66
Egypt,PurePore Baby Lotion,4.87
Egypt,SilkySkin Baby Cream,5.65
Egypt,GentleGlow Baby Sunscreen,14.47
Egypt,BrightBreeze Insect Repellent,5.25
Egypt,SoftStep Baby Shampoo,6.76
Egypt,RadiantRose Baby Massage Oil,10.02
Egypt,EasyWash Laundry Detergent for Babies,18.39
Egypt,LittleLullaby Diaper Liners,20.84
Egypt,SoothingSerenity Baby Rub,12.21
Egypt,CalmingClean Diaper Rash Cream,9.18
Egypt,FreshFusion Baby Wipes,7.3
Egypt,PurePore Baby Skincare Set,9.99
Egypt,SilkySkin Baby Moisturizer,11.9
Egypt,GentleGlow Baby Face Wash,8.09
Egypt,BrightBreeze Baby Sunscreen Stick,6.35
Egypt,SmellSational Baby Room Spray,10.79
Egypt,LuminousLocks Shampoo,13.43
Egypt,SilkSmooth Conditioner,10.97
Egypt,FreshFusion Hair Mask,16.67
Egypt,RadiantRose Hair Serum,9.08
Egypt,SoothingSerenity Scalp Treatment,6.15
Egypt,CleanSlate Feminine Deodorant,3.36
Egypt,BrightBreeze Period Pain Relief,6.64
Egypt,PurePore Sanitary Belt,16.51
Egypt,SmellSational Intimate Spray,13.6
Egypt,SoftStep Shaving Cream for Women,11.59
Egypt,FreshFusion All-Purpose Cleaner,13.43
Egypt,CleanSlate Disinfectant Spray,22.17
Egypt,SoothingSerenity Air Freshener,11.72
Egypt,BrightBreeze Window Cleaner,6.39
Egypt,GentleGlow Dish Soap,10.51
Egypt,RadiantRose Glass Cleaner,20.54
Egypt,PurePore Insect Repellent Spray,5.81
Egypt,EasyWash Laundry Detergent for Delicates,14.03
Egypt,CalmingClean Trash Bags,6.57
Egypt,SoothingSerenity Humidifier,11.82
Egypt,PurePaw Dog Shampoo,10.89
Egypt,SoothingPaws Cat Lotion,10.07
Egypt,RadiantRover Pet Conditioner,17.15
Egypt,FreshFusion Flea and Tick Spray,6.17
Egypt,GentleGlow Pet Grooming Kit,8.6
Egypt,BrightBreeze Pet Odor Eliminator,19.13
Egypt,EasyWash Pet Laundry Detergent,4.44
Egypt,SmellSational Pet Deodorizer,13.67
Egypt,CalmingClean Dog Brush,8.26
Egypt,HydratingHoney Pet Wipes,3.14
Italy,MorningMint,5.89
Italy,FreshStart Toothpaste,16.5
Italy,SmileShield Whitening Strips,12.01
Italy,BriteBite Toothbrush,22.4
Italy,LuminousLip Care,9.89
Italy,CleanSlate Mouthwash,16.29
Italy,OralEase Gel,8.51
Italy,BreathBliss Mints,13.92
Italy,DentalDefense Toothpaste,20.21
Italy,SparklingSmile Water Flosser,19.75
Italy,FreshFusion Mouth Rinse,16.07
Italy,SmileSavvy Tooth Whitening Kit,10.97
Italy,DailyDazzle Toothpaste,16.26
Italy,MorningBreeze Gum Care,11.53
Italy,OralEase Plus Toothbrush,16.68
Italy,BreatheEasy Inhalant,10.26
Italy,SmilesSoPure Waterpik,5.16
Italy,CleanSmile Floss Picks,8.77
Italy,FreshFix Mouthwash,9.14
Italy,SparklingGlow Toothpaste,19.0
Italy,Purezza Body Wash,5.28
Italy,SkinSational Moisturizer,7.3
Italy,SoftStep Shaving Cream,5.49
Italy,GentleGlow Face Lotion,5.05
Italy,HydraHydrate Hand Cream,4.46
Italy,SilkSmooth Exfoliating Scrub,10.61
Italy,CleanSkin Acne Treatment,4.5
Italy,SunShield SPF 50 Lotion,17.32
Italy,Refreshing Rose Body Oil,16.92
Italy,Calming Creme Relaxant Bath,4.97
Italy,Brightening Body Wash,15.91
Italy,SmoothOperator Shaving Gel,23.66
Italy,RadiantRose Face Mask,4.79
Italy,SoothingSerenity Hand Sanitizer,17.43
Italy,GentleGlow Face Cleanser,3.47
Italy,PurePore Toner,11.63
Italy,SilkySkin Moisturizing Cream,9.97
Italy,MorningMist Deodorant,8.89
Italy,Hydrating Honey Body Lotion,24.26
Italy,Exfoliating Essentials Scrub,13.45
Italy,FreshFusion Detergent,11.97
Italy,CleanSlate Stain Remover,18.92
Italy,SoothingSoft Fabric Softener,11.07
Italy,BrightBreeze Whitening Booster,6.79
Italy,DelicateDew Sensitive Wash,14.46
Italy,SparklingClean All-Purpose Cleaner,19.9
Italy,FreshFold Fabric Refresher,6.16
Italy,RadiantRinse Color Protector,4.58
Italy,EasyWash Laundry Detergent,9.15
Italy,SmellSational Odor Eliminator,12.7
Italy,LittleLullaby Diaper Cream,13.72
Italy,SoothingSerenity Baby Oil,12.26
Italy,CalmingClean Bath Time Wash,5.6
Italy,FreshFusion Diaper Rash Remedy,9.09
Italy,PurePore Baby Lotion,6.13
Italy,SilkySkin Baby Cream,5.56
Italy,GentleGlow Baby Sunscreen,14.34
Italy,BrightBreeze Insect Repellent,5.52
Italy,SoftStep Baby Shampoo,4.55
Italy,RadiantRose Baby Massage Oil,8.0
Italy,EasyWash Laundry Detergent for Babies,26.22
Italy,LittleLullaby Diaper Liners,16.91
Italy,SoothingSerenity Baby Rub,12.58
Italy,CalmingClean Diaper Rash Cream,11.0
Italy,FreshFusion Baby Wipes,6.91
Italy,PurePore Baby Skincare Set,9.68
Italy,SilkySkin Baby Moisturizer,17.76
Italy,GentleGlow Baby Face Wash,9.47
Italy,BrightBreeze Baby Sunscreen Stick,7.0
Italy,SmellSational Baby Room Spray,10.3
Italy,LuminousLocks Shampoo,20.71
Italy,SilkSmooth Conditioner,9.43
Italy,FreshFusion Hair Mask,16.02
Italy,RadiantRose Hair Serum,8.24
Italy,SoothingSerenity Scalp Treatment,4.98
Italy,CleanSlate Feminine Deodorant,5.97
Italy,BrightBreeze Period Pain Relief,9.84
Italy,PurePore Sanitary Belt,14.81
Italy,SmellSational Intimate Spray,14.95
Italy,SoftStep Shaving Cream for Women,7.94
Italy,FreshFusion All-Purpose Cleaner,11.15
Italy,CleanSlate Disinfectant Spray,16.11
Italy,SoothingSerenity Air Freshener,12.28
Italy,BrightBreeze Window Cleaner,16.33
Italy,GentleGlow Dish Soap,8.17
Italy,RadiantRose Glass Cleaner,20.71
Italy,PurePore Insect Repellent Spray,6.83
Italy,EasyWash Laundry Detergent for Delicates,17.57
Italy,CalmingClean Trash Bags,9.19
Italy,SoothingSerenity Humidifier,13.3
Italy,PurePaw Dog Shampoo,9.26
Italy,SoothingPaws Cat Lotion,12.78
Italy,RadiantRover Pet Conditioner,20.52
Italy,FreshFusion Flea and Tick Spray,5.76
Italy,GentleGlow Pet Grooming Kit,10.81
Italy,BrightBreeze Pet Odor Eliminator,16.31
Italy,EasyWash Pet Laundry Detergent,4.25
Italy,SmellSational Pet Deodorizer,13.23
Italy,CalmingClean Dog Brush,12.6
Italy,HydratingHoney Pet Wipes,6.39
South Africa,MorningMint,5.35
South Africa,FreshStart Toothpaste,13.6
South Africa,SmileShield Whitening Strips,12.59
South Africa,BriteBite Toothbrush,17.43
South Africa,LuminousLip Care,11.57
South Africa,CleanSlate Mouthwash,13.01
South Africa,OralEase Gel,8.52
South Africa,BreathBliss Mints,16.12
South Africa,DentalDefense Toothpaste,18.88
South Africa,SparklingSmile Water Flosser,15.98
South Africa,FreshFusion Mouth Rinse,15.13
South Africa,SmileSavvy Tooth Whitening Kit,10.87
South Africa,DailyDazzle Toothpaste,16.63
South Africa,MorningBreeze Gum Care,10.18
South Africa,OralEase Plus Toothbrush,18.8
South Africa,BreatheEasy Inhalant,13.2
South Africa,SmilesSoPure Waterpik,4.57
South Africa,CleanSmile Floss Picks,7.19
South Africa,FreshFix Mouthwash,11.46
South Africa,SparklingGlow Toothpaste,16.26
South Africa,Purezza Body Wash,6.31
South Africa,SkinSational Moisturizer,6.84
South Africa,SoftStep Shaving Cream,5.77
South Africa,GentleGlow Face Lotion,3.62
South Africa,HydraHydrate Hand Cream,5.43
South Africa,SilkSmooth Exfoliating Scrub,11.61
South Africa,CleanSkin Acne Treatment,4.55
South Africa,SunShield SPF 50 Lotion,20.71
South Africa,Refreshing Rose Body Oil,12.46
South Africa,Calming Creme Relaxant Bath,7.02
South Africa,Brightening Body Wash,15.84
South Africa,SmoothOperator Shaving Gel,13.12
South Africa,RadiantRose Face Mask,5.75
South Africa,SoothingSerenity Hand Sanitizer,18.71
South Africa,GentleGlow Face Cleanser,6.37
South Africa,PurePore Toner,17.69
South Africa,SilkySkin Moisturizing Cream,11.69
South Africa,MorningMist Deodorant,8.88
South Africa,Hydrating Honey Body Lotion,21.75
South Africa,Exfoliating Essentials Scrub,13.96
South Africa,FreshFusion Detergent,9.86
South Africa,CleanSlate Stain Remover,17.75
South Africa,SoothingSoft Fabric Softener,9.88
South Africa,BrightBreeze Whitening Booster,7.03
South Africa,DelicateDew Sensitive Wash,10.25
South Africa,SparklingClean All-Purpose Cleaner,17.3
South Africa,FreshFold Fabric Refresher,6.95
South Africa,RadiantRinse Color Protector,6.51
South Africa,EasyWash Laundry Detergent,9.32
South Africa,SmellSational Odor Eliminator,15.13
South Africa,LittleLullaby Diaper Cream,13.73
South Africa,SoothingSerenity Baby Oil,11.32
South Africa,CalmingClean Bath Time Wash,4.2
South Africa,FreshFusion Diaper Rash Remedy,9.7
South Africa,PurePore Baby Lotion,3.79
South Africa,SilkySkin Baby Cream,5.38
South Africa,GentleGlow Baby Sunscreen,15.43
South Africa,BrightBreeze Insect Repellent,4.98
South Africa,SoftStep Baby Shampoo,4.7
South Africa,RadiantRose Baby Massage Oil,7.65
South Africa,EasyWash Laundry Detergent for Babies,19.86
South Africa,LittleLullaby Diaper Liners,16.31
South Africa,SoothingSerenity Baby Rub,9.91
South Africa,CalmingClean Diaper Rash Cream,10.65
South Africa,FreshFusion Baby Wipes,7.22
South Africa,PurePore Baby Skincare Set,10.29
South Africa,SilkySkin Baby Moisturizer,13.77
South Africa,GentleGlow Baby Face Wash,8.28
South Africa,BrightBreeze Baby Sunscreen Stick,8.64
South Africa,SmellSational Baby Room Spray,13.95
South Africa,LuminousLocks Shampoo,15.16
South Africa,SilkSmooth Conditioner,10.95
South Africa,FreshFusion Hair Mask,14.18
South Africa,RadiantRose Hair Serum,8.88
South Africa,SoothingSerenity Scalp Treatment,5.86
South Africa,CleanSlate Feminine Deodorant,5.09
South Africa,BrightBreeze Period Pain Relief,8.72
South Africa,PurePore Sanitary Belt,22.12
South Africa,SmellSational Intimate Spray,11.5
South Africa,SoftStep Shaving Cream for Women,9.07
South Africa,FreshFusion All-Purpose Cleaner,12.09
South Africa,CleanSlate Disinfectant Spray,20.61
South Africa,SoothingSerenity Air Freshener,13.85
South Africa,BrightBreeze Window Cleaner,13.55
South Africa,GentleGlow Dish Soap,10.54
South Africa,RadiantRose Glass Cleaner,19.5
South Africa,PurePore Insect Repellent Spray,6.69
South Africa,EasyWash Laundry Detergent for Delicates,15.47
South Africa,CalmingClean Trash Bags,8.63
South Africa,SoothingSerenity Humidifier,11.03
South Africa,PurePaw Dog Shampoo,10.71
South Africa,SoothingPaws Cat Lotion,8.44
South Africa,RadiantRover Pet Conditioner,20.52
South Africa,FreshFusion Flea and Tick Spray,5.99
South Africa,GentleGlow Pet Grooming Kit,9.75
South Africa,BrightBreeze Pet Odor Eliminator,14.81
South Africa,EasyWash Pet Laundry Detergent,5.13
South Africa,SmellSational Pet Deodorizer,14.78
South Africa,CalmingClean Dog Brush,12.82
South Africa,HydratingHoney Pet Wipes,5.07
France,MorningMint,5.51
France,FreshStart Toothpaste,16.83
France,SmileShield Whitening Strips,9.64
France,BriteBite Toothbrush,18.28
France,LuminousLip Care,11.71
France,CleanSlate Mouthwash,20.94
France,OralEase Gel,9.13
France,BreathBliss Mints,18.7
France,DentalDefense Toothpaste,16.98
France,SparklingSmile Water Flosser,17.69
France,FreshFusion Mouth Rinse,15.83
France,SmileSavvy Tooth Whitening Kit,13.7
France,DailyDazzle Toothpaste,14.79
France,MorningBreeze Gum Care,8.12
France,OralEase Plus Toothbrush,20.4
France,BreatheEasy Inhalant,12.45
France,SmilesSoPure Waterpik,6.15
France,CleanSmile Floss Picks,7.77
France,FreshFix Mouthwash,10.11
France,SparklingGlow Toothpaste,14.73
France,Purezza Body Wash,4.51
France,SkinSational Moisturizer,8.24
France,SoftStep Shaving Cream,4.51
France,GentleGlow Face Lotion,5.84
France,HydraHydrate Hand Cream,4.44
France,SilkSmooth Exfoliating Scrub,9.71
France,CleanSkin Acne Treatment,4.49
France,SunShield SPF 50 Lotion,24.03
France,Refreshing Rose Body Oil,20.52
France,Calming Creme Relaxant Bath,6.7
France,Brightening Body Wash,15.48
France,SmoothOperator Shaving Gel,20.0
France,RadiantRose Face Mask,6.57
France,SoothingSerenity Hand Sanitizer,14.8
France,GentleGlow Face Cleanser,5.62
France,PurePore Toner,16.15
France,SilkySkin Moisturizing Cream,11.12
France,MorningMist Deodorant,7.18
France,Hydrating Honey Body Lotion,19.31
France,Exfoliating Essentials Scrub,16.16
France,FreshFusion Detergent,13.18
France,CleanSlate Stain Remover,23.45
France,SoothingSoft Fabric Softener,11.8
France,BrightBreeze Whitening Booster,5.83
France,DelicateDew Sensitive Wash,11.02
France,SparklingClean All-Purpose Cleaner,15.9
France,FreshFold Fabric Refresher,8.17
France,RadiantRinse Color Protector,6.9
France,EasyWash Laundry Detergent,11.14
France,SmellSational Odor Eliminator,10.14
France,LittleLullaby Diaper Cream,15.6
France,SoothingSerenity Baby Oil,13.42
France,CalmingClean Bath Time Wash,6.78
France,FreshFusion Diaper Rash Remedy,10.92
France,PurePore Baby Lotion,7.12
France,SilkySkin Baby Cream,5.65
France,GentleGlow Baby Sunscreen,16.32
France,BrightBreeze Insect Repellent,6.31
France,SoftStep Baby Shampoo,6.8
France,RadiantRose Baby Massage Oil,6.73
France,EasyWash Laundry Detergent for Babies,18.07
France,LittleLullaby Diaper Liners,19.27
France,SoothingSerenity Baby Rub,10.55
France,CalmingClean Diaper Rash Cream,9.78
France,FreshFusion Baby Wipes,10.29
France,PurePore Baby Skincare Set,13.82
France,SilkySkin Baby Moisturizer,12.62
France,GentleGlow Baby Face Wash,8.57
France,BrightBreeze Baby Sunscreen Stick,5.32
France,SmellSational Baby Room Spray,11.67
France,LuminousLocks Shampoo,16.83
France,SilkSmooth Conditioner,13.39
France,FreshFusion Hair Mask,15.21
France,RadiantRose Hair Serum,7.36
France,SoothingSerenity Scalp Treatment,5.77
France,CleanSlate Feminine Deodorant,4.7
France,BrightBreeze Period Pain Relief,9.71
France,PurePore Sanitary Belt,13.05
France,SmellSational Intimate Spray,11.86
France,SoftStep Shaving Cream for Women,8.12
France,FreshFusion All-Purpose Cleaner,13.8
France,CleanSlate Disinfectant Spray,18.59
France,SoothingSerenity Air Freshener,12.56
France,BrightBreeze Window Cleaner,10.58
France,GentleGlow Dish Soap,9.76
France,RadiantRose Glass Cleaner,16.06
France,PurePore Insect Repellent Spray,6.24
France,EasyWash Laundry Detergent for Delicates,17.81
France,CalmingClean Trash Bags,7.19
France,SoothingSerenity Humidifier,12.26
France,PurePaw Dog Shampoo,12.29
France,SoothingPaws Cat Lotion,12.63
France,RadiantRover Pet Conditioner,19.12
France,FreshFusion Flea and Tick Spray,4.7
France,GentleGlow Pet Grooming Kit,6.95
France,BrightBreeze Pet Odor Eliminator,16.79
France,EasyWash Pet Laundry Detergent,5.33
France,SmellSational Pet Deodorizer,19.89
France,CalmingClean Dog Brush,13.5
France,HydratingHoney Pet Wipes,4.97
India,MorningMint,8.38
India,FreshStart Toothpaste,13.36
India,SmileShield Whitening Strips,14.92
India,BriteBite Toothbrush,17.85
India,LuminousLip Care,13.18
India,CleanSlate Mouthwash,15.99
India,OralEase Gel,13.96
India,BreathBliss Mints,17.89
India,DentalDefense Toothpaste,18.46
India,SparklingSmile Water Flosser,12.5
India,FreshFusion Mouth Rinse,13.36
India,SmileSavvy Tooth Whitening Kit,11.18
India,DailyDazzle Toothpaste,18.13
India,MorningBreeze Gum Care,9.11
India,OralEase Plus Toothbrush,15.11
India,BreatheEasy Inhalant,12.84
India,SmilesSoPure Waterpik,6.37
India,CleanSmile Floss Picks,8.06
India,FreshFix Mouthwash,7.2
India,SparklingGlow Toothpaste,15.1
India,Purezza Body Wash,6.51
India,SkinSational Moisturizer,8.86
India,SoftStep Shaving Cream,4.78
India,GentleGlow Face Lotion,5.03
India,HydraHydrate Hand Cream,3.94
India,SilkSmooth Exfoliating Scrub,9.41
India,CleanSkin Acne Treatment,4.8
India,SunShield SPF 50 Lotion,20.0
India,Refreshing Rose Body Oil,19.99
India,Calming Creme Relaxant Bath,6.9
India,Brightening Body Wash,15.64
India,SmoothOperator Shaving Gel,18.59
India,RadiantRose Face Mask,4.16
India,SoothingSerenity Hand Sanitizer,16.36
India,GentleGlow Face Cleanser,6.08
India,PurePore Toner,16.48
India,SilkySkin Moisturizing Cream,11.51
India,MorningMist Deodorant,6.55
India,Hydrating Honey Body Lotion,16.54
India,Exfoliating Essentials Scrub,10.88
India,FreshFusion Detergent,9.96
India,CleanSlate Stain Remover,18.97
India,SoothingSoft Fabric Softener,11.25
India,BrightBreeze Whitening Booster,5.85
India,DelicateDew Sensitive Wash,11.71
India,SparklingClean All-Purpose Cleaner,19.96
India,FreshFold Fabric Refresher,7.63
India,RadiantRinse Color Protector,5.56
India,EasyWash Laundry Detergent,11.51
India,SmellSational Odor Eliminator,14.43
India,LittleLullaby Diaper Cream,17.29
India,SoothingSerenity Baby Oil,10.96
India,CalmingClean Bath Time Wash,6.14
India,FreshFusion Diaper Rash Remedy,8.56
India,PurePore Baby Lotion,4.78
India,SilkySkin Baby Cream,4.74
India,GentleGlow Baby Sunscreen,19.47
India,BrightBreeze Insect Repellent,4.2
India,SoftStep Baby Shampoo,5.7
India,RadiantRose Baby Massage Oil,9.98
India,EasyWash Laundry Detergent for Babies,15.49
India,LittleLullaby Diaper Liners,18.72
India,SoothingSerenity Baby Rub,13.1
India,CalmingClean Diaper Rash Cream,10.07
India,FreshFusion Baby Wipes,8.45
India,PurePore Baby Skincare Set,10.78
India,SilkySkin Baby Moisturizer,14.95
India,GentleGlow Baby Face Wash,10.89
India,BrightBreeze Baby Sunscreen Stick,5.87
India,SmellSational Baby Room Spray,12.68
India,LuminousLocks Shampoo,18.46
India,SilkSmooth Conditioner,8.21
India,FreshFusion Hair Mask,13.12
India,RadiantRose Hair Serum,9.51
India,SoothingSerenity Scalp Treatment,5.82
India,CleanSlate Feminine Deodorant,5.47
India,BrightBreeze Period Pain Relief,9.39
India,PurePore Sanitary Belt,19.32
India,SmellSational Intimate Spray,13.74
India,SoftStep Shaving Cream for Women,8.86
India,FreshFusion All-Purpose Cleaner,12.4
India,CleanSlate Disinfectant Spray,16.57
India,SoothingSerenity Air Freshener,14.52
India,BrightBreeze Window Cleaner,9.48
India,GentleGlow Dish Soap,7.13
India,RadiantRose Glass Cleaner,16.96
India,PurePore Insect Repellent Spray,4.77
India,EasyWash Laundry Detergent for Delicates,21.97
India,CalmingClean Trash Bags,7.05
India,SoothingSerenity Humidifier,14.33
India,PurePaw Dog Shampoo,10.35
India,SoothingPaws Cat Lotion,13.65
India,RadiantRover Pet Conditioner,17.13
India,FreshFusion Flea and Tick Spray,6.09
India,GentleGlow Pet Grooming Kit,9.75
India,BrightBreeze Pet Odor Eliminator,14.77
India,EasyWash Pet Laundry Detergent,5.75
India,SmellSational Pet Deodorizer,14.76
India,CalmingClean Dog Brush,14.55
India,HydratingHoney Pet Wipes,4.08
United Kingdom,MorningMint,5.82
United Kingdom,FreshStart Toothpaste,15.26
United Kingdom,SmileShield Whitening Strips,12.19
United Kingdom,BriteBite Toothbrush,20.92
United Kingdom,LuminousLip Care,15.06
United Kingdom,CleanSlate Mouthwash,18.13
United Kingdom,OralEase Gel,11.51
United Kingdom,BreathBliss Mints,16.67
United Kingdom,DentalDefense Toothpaste,21.67
United Kingdom,SparklingSmile Water Flosser,18.95
United Kingdom,FreshFusion Mouth Rinse,16.78
United Kingdom,SmileSavvy Tooth Whitening Kit,14.16
United Kingdom,DailyDazzle Toothpaste,9.46
United Kingdom,MorningBreeze Gum Care,11.96
United Kingdom,OralEase Plus Toothbrush,13.9
United Kingdom,BreatheEasy Inhalant,9.3
United Kingdom,SmilesSoPure Waterpik,6.69
United Kingdom,CleanSmile Floss Picks,7.99
United Kingdom,FreshFix Mouthwash,8.41
United Kingdom,SparklingGlow Toothpaste,15.11
United Kingdom,Purezza Body Wash,3.19
United Kingdom,SkinSational Moisturizer,7.79
United Kingdom,SoftStep Shaving Cream,6.06
United Kingdom,GentleGlow Face Lotion,4.45
United Kingdom,HydraHydrate Hand Cream,3.46
United Kingdom,SilkSmooth Exfoliating Scrub,10.43
United Kingdom,CleanSkin Acne Treatment,4.69
United Kingdom,SunShield SPF 50 Lotion,22.65
United Kingdom,Refreshing Rose Body Oil,15.75
United Kingdom,Calming Creme Relaxant Bath,7.07
United Kingdom,Brightening Body Wash,17.74
United Kingdom,SmoothOperator Shaving Gel,20.12
United Kingdom,RadiantRose Face Mask,3.85
United Kingdom,SoothingSerenity Hand Sanitizer,11.48
United Kingdom,GentleGlow Face Cleanser,5.63
United Kingdom,PurePore Toner,17.41
United Kingdom,SilkySkin Moisturizing Cream,10.6
United Kingdom,MorningMist Deodorant,7.93
United Kingdom,Hydrating Honey Body Lotion,20.77
United Kingdom,Exfoliating Essentials Scrub,11.59
United Kingdom,FreshFusion Detergent,9.26
United Kingdom,CleanSlate Stain Remover,19.68
United Kingdom,SoothingSoft Fabric Softener,12.94
United Kingdom,BrightBreeze Whitening Booster,5.09
United Kingdom,DelicateDew Sensitive Wash,11.48
United Kingdom,SparklingClean All-Purpose Cleaner,18.71
United Kingdom,FreshFold Fabric Refresher,7.36
United Kingdom,RadiantRinse Color Protector,6.07
United Kingdom,EasyWash Laundry Detergent,11.0
United Kingdom,SmellSational Odor Eliminator,17.6
United Kingdom,LittleLullaby Diaper Cream,12.54
United Kingdom,SoothingSerenity Baby Oil,12.44
United Kingdom,CalmingClean Bath Time Wash,5.43
United Kingdom,FreshFusion Diaper Rash Remedy,14.07
United Kingdom,PurePore Baby Lotion,6.58
United Kingdom,SilkySkin Baby Cream,6.27
United Kingdom,GentleGlow Baby Sunscreen,18.23
United Kingdom,BrightBreeze Insect Repellent,5.15
United Kingdom,SoftStep Baby Shampoo,6.69
United Kingdom,RadiantRose Baby Massage Oil,8.72
United Kingdom,EasyWash Laundry Detergent for Babies,21.41
United Kingdom,LittleLullaby Diaper Liners,15.82
United Kingdom,SoothingSerenity Baby Rub,15.05
United Kingdom,CalmingClean Diaper Rash Cream,11.21
United Kingdom,FreshFusion Baby Wipes,7.29
United Kingdom,PurePore Baby Skincare Set,9.5
United Kingdom,SilkySkin Baby Moisturizer,15.48
United Kingdom,GentleGlow Baby Face Wash,10.93
United Kingdom,BrightBreeze Baby Sunscreen Stick,6.03
United Kingdom,SmellSational Baby Room Spray,11.26
United Kingdom,LuminousLocks Shampoo,15.6
United Kingdom,SilkSmooth Conditioner,9.17
United Kingdom,FreshFusion Hair Mask,10.0
United Kingdom,RadiantRose Hair Serum,7.33
United Kingdom,SoothingSerenity Scalp Treatment,5.63
United Kingdom,CleanSlate Feminine Deodorant,4.46
United Kingdom,BrightBreeze Period Pain Relief,12.13
United Kingdom,PurePore Sanitary Belt,17.37
United Kingdom,SmellSational Intimate Spray,10.49
United Kingdom,SoftStep Shaving Cream for Women,11.23
United Kingdom,FreshFusion All-Purpose Cleaner,9.36
United Kingdom,CleanSlate Disinfectant Spray,18.07
United Kingdom,SoothingSerenity Air Freshener,16.27
United Kingdom,BrightBreeze Window Cleaner,9.01
United Kingdom,GentleGlow Dish Soap,9.62
United Kingdom,RadiantRose Glass Cleaner,18.2
United Kingdom,PurePore Insect Repellent Spray,5.7
United Kingdom,EasyWash Laundry Detergent for Delicates,16.45
United Kingdom,CalmingClean Trash Bags,9.76
United Kingdom,SoothingSerenity Humidifier,16.29
United Kingdom,PurePaw Dog Shampoo,13.25
United Kingdom,SoothingPaws Cat Lotion,11.68
United Kingdom,RadiantRover Pet Conditioner,16.49
United Kingdom,FreshFusion Flea and Tick Spray,5.32
United Kingdom,GentleGlow Pet Grooming Kit,12.31
United Kingdom,BrightBreeze Pet Odor Eliminator,14.01
United Kingdom,EasyWash Pet Laundry Detergent,5.27
United Kingdom,SmellSational Pet Deodorizer,7.71
United Kingdom,CalmingClean Dog Brush,13.15
United Kingdom,HydratingHoney Pet Wipes,4.09
Russia,MorningMint,5.01
Russia,FreshStart Toothpaste,13.59
Russia,SmileShield Whitening Strips,11.29
Russia,BriteBite Toothbrush,17.67
Russia,LuminousLip Care,13.76
Russia,CleanSlate Mouthwash,19.19
Russia,OralEase Gel,10.6
Russia,BreathBliss Mints,14.71
Russia,DentalDefense Toothpaste,13.38
Russia,SparklingSmile Water Flosser,13.31
Russia,FreshFusion Mouth Rinse,18.05
Russia,SmileSavvy Tooth Whitening Kit,7.36
Russia,DailyDazzle Toothpaste,10.45
Russia,MorningBreeze Gum Care,13.31
Russia,OralEase Plus Toothbrush,15.78
Russia,BreatheEasy Inhalant,14.4
Russia,SmilesSoPure Waterpik,6.28
Russia,CleanSmile Floss Picks,9.22
Russia,FreshFix Mouthwash,10.36
Russia,SparklingGlow Toothpaste,13.99
Russia,Purezza Body Wash,5.32
Russia,SkinSational Moisturizer,7.8
Russia,SoftStep Shaving Cream,4.82
Russia,GentleGlow Face Lotion,5.42
Russia,HydraHydrate Hand Cream,5.81
Russia,SilkSmooth Exfoliating Scrub,11.45
Russia,CleanSkin Acne Treatment,4.67
Russia,SunShield SPF 50 Lotion,14.22
Russia,Refreshing Rose Body Oil,20.75
Russia,Calming Creme Relaxant Bath,4.46
Russia,Brightening Body Wash,11.23
Russia,SmoothOperator Shaving Gel,16.28
Russia,RadiantRose Face Mask,4.03
Russia,SoothingSerenity Hand Sanitizer,14.64
Russia,GentleGlow Face Cleanser,5.34
Russia,PurePore Toner,15.98
Russia,SilkySkin Moisturizing Cream,11.83
Russia,MorningMist Deodorant,7.59
Russia,Hydrating Honey Body Lotion,15.89
Russia,Exfoliating Essentials Scrub,12.0
Russia,FreshFusion Detergent,12.25
Russia,CleanSlate Stain Remover,22.04
Russia,SoothingSoft Fabric Softener,8.57
Russia,BrightBreeze Whitening Booster,5.09
Russia,DelicateDew Sensitive Wash,12.45
Russia,SparklingClean All-Purpose Cleaner,16.02
Russia,FreshFold Fabric Refresher,6.94
Russia,RadiantRinse Color Protector,4.19
Russia,EasyWash Laundry Detergent,7.53
Russia,SmellSational Odor Eliminator,14.36
Russia,LittleLullaby Diaper Cream,17.46
Russia,SoothingSerenity Baby Oil,16.35
Russia,CalmingClean Bath Time Wash,5.44
Russia,FreshFusion Diaper Rash Remedy,9.36
Russia,PurePore Baby Lotion,5.38
Russia,SilkySkin Baby Cream,6.67
Russia,GentleGlow Baby Sunscreen,18.85
Russia,BrightBreeze Insect Repellent,3.07
Russia,SoftStep Baby Shampoo,4.74
Russia,RadiantRose Baby Massage Oil,8.74
Russia,EasyWash Laundry Detergent for Babies,22.6
Russia,LittleLullaby Diaper Liners,17.08
Russia,SoothingSerenity Baby Rub,16.07
Russia,CalmingClean Diaper Rash Cream,10.19
Russia,FreshFusion Baby Wipes,8.04
Russia,PurePore Baby Skincare Set,7.85
Russia,SilkySkin Baby Moisturizer,18.16
Russia,GentleGlow Baby Face Wash,9.08
Russia,BrightBreeze Baby Sunscreen Stick,6.78
Russia,SmellSational Baby Room Spray,13.51
Russia,LuminousLocks Shampoo,13.2
Russia,SilkSmooth Conditioner,11.71
Russia,FreshFusion Hair Mask,17.15
Russia,RadiantRose Hair Serum,6.46
Russia,SoothingSerenity Scalp Treatment,6.14
Russia,CleanSlate Feminine Deodorant,5.84
Russia,BrightBreeze Period Pain Relief,9.93
Russia,PurePore Sanitary Belt,17.02
Russia,SmellSational Intimate Spray,13.08
Russia,SoftStep Shaving Cream for Women,10.96
Russia,FreshFusion All-Purpose Cleaner,11.27
Russia,CleanSlate Disinfectant Spray,17.17
Russia,SoothingSerenity Air Freshener,11.98
Russia,BrightBreeze Window Cleaner,13.09
Russia,GentleGlow Dish Soap,10.37
Russia,RadiantRose Glass Cleaner,17.75
Russia,PurePore Insect Repellent Spray,7.51
Russia,EasyWash Laundry Detergent for Delicates,13.63
Russia,CalmingClean Trash Bags,7.88
Russia,SoothingSerenity Humidifier,13.51
Russia,PurePaw Dog Shampoo,13.13
Russia,SoothingPaws Cat Lotion,9.53
Russia,RadiantRover Pet Conditioner,18.05
Russia,FreshFusion Flea and Tick Spray,6.92
Russia,GentleGlow Pet Grooming Kit,10.68
Russia,BrightBreeze Pet Odor Eliminator,15.26
Russia,EasyWash Pet Laundry Detergent,5.2
Russia,SmellSational Pet Deodorizer,15.29
Russia,CalmingClean Dog Brush,12.78
Russia,HydratingHoney Pet Wipes,4.59
